
\c dtest;

------------------------------------- Адресно-справочная информация об организации -------------------------------------



-- Адресно-справочная информация об организации -- Столбцы
-- Завершена
INSERT INTO public.app_header_data(id, name, actual_d)
VALUES ('9b1b2229-c3f0-41a3-a76b-1ab777a2ed8e', 'Код строки', '2021-03-30'),
       ('b12fbb8e-8974-4023-869e-edc50a6644a0', 'Показатель', '2021-03-30'),
       ('8f8935ab-a741-4a24-a75b-52233f8d88ca', 'Значение показателя', '2021-03-30');

-- Адресно-справочная информация об организации -- Строки
-- Завершена
INSERT INTO public.app_indicator_data(id, name, actual_d)
VALUES ('a0d14650-28f5-4da6-bd7e-74379b09c239', 'Полное наименование организации (филиала)', '2021-03-30'),
       ('1299d9fa-db31-404f-bfaf-0a077e2d6bf9', 'Сокращенное наименование организации (филиала)', '2021-03-30'),
       ('0d5baf1a-32ec-447a-8845-eba72ad4e379', 'Юридический адрес:', '2021-03-30'),
       ('40d566a0-f197-4f02-978b-7c51cb7b1aaf', 'Почтовый индекс ', '2021-03-30'),
       ('1daf2b3d-847d-4cb5-80f5-08537f58453c', 'Республика, край, область', '2021-03-30'),
       ('2b2bc598-f01a-40ca-a1ad-8313613e883d', 'Район, населенный пункт', '2021-03-30'),
       ('55661443-f4e7-4e31-be8a-c7b3d33be0a6', 'Улица, номер дома, корпус или строение', '2021-03-30'),
       --
       ('6d3c0a2f-f4f3-4b52-9fcf-2ef01823f65a', 'Почтовый адрес:', '2021-03-30'),
       ('77a948ea-2551-4aa3-bf1d-059ef1d4d89c', 'Почтовый индекс ', '2021-03-30'),
       ('97fd7ced-4615-4a63-b0df-4abb450845c5', 'Республика, край, область', '2021-03-30'),
       ('2805ddd9-b0af-4146-ad0b-9af02d755824', 'Район, населенный пункт', '2021-03-30'),
       ('e530079d-7df4-47bc-bdf4-5267cb774f71', 'Улица, номер дома, корпус или строение', '2021-03-30'),
       --
       ('5aceeda0-d0aa-4619-9ce4-439ff7b9d73f', 'Телефон (филиала)', '2021-03-30'),
       ('bc7ffdc0-2245-411d-8f76-6b41026cf2b4', 'Факс (филиала)', '2021-03-30'),
       ('4ca0bb82-1c1a-4ac9-abe3-04e207fe9a41', 'Адрес электронной почты (филиала)', '2021-03-30'),
       ('2de63b6b-e04a-4025-907a-c62c8c9a16b4', 'Сайт организации (филиала)', '2021-03-30'),
       ('03208205-acfc-44d7-894c-d02962f70e00', 'Должность, фамилия, имя, отчество руководителя', '2021-03-30'),
       ('696f7e78-cf14-4055-a1cf-daa68fe7d2ac', 'Наименование головной организации (для филиала)', '2021-03-30'),
       ('acc36e9b-d390-4a68-9a51-0b44d413813c', 'Когда и на каком основании (дата и номер документа) создана организация', '2021-03-30'),
       ('5d86dc60-2954-4526-8611-27d983e2018f', 'Основной государственный регистрационный номер записи о создании юридического лица, внесенный в ЕГРЮЛ', '2021-03-30'),
       ('bd5e6712-ab4e-4c6f-873e-6d92a63163c8', 'Дата выдачи свидетельства о внесении изменений в ЕГРЮЛ', '2021-03-30'),
       ('ab044c8d-3e14-4871-86db-0ddb5f9ff1b8', 'Уставной капитал (уставный фонд, складочный капитал), рублей', '2021-03-30'),
       ('1f8c41e7-54b6-4f93-9589-458dea61b5d8', 'Доля в уставном капитале привилегированных акций, % ', '2021-03-30'),
       ('a772b2d6-ab71-45eb-b7ce-484a45fe073e', 'Отраслевая принадлежность', '2021-03-30'),
       ('41cb36d2-0369-4be4-8d9f-32bcefc77c52', 'Наименование интегрированной структуры (холдинга), в которую входит', '2021-03-30'),
       ('120a0792-029d-4864-9950-6bfcb5176f62', 'Управляющая компания (полное наименование организации, которой переданы функции единоличного исполнительного органа)', '2021-03-30'),
       ('d5f40b2e-0a27-45ea-a685-62212c56ecfc', 'Специализация', '2021-03-30'),
       ('97f09001-7050-41d0-bdad-2d559c9b9d92', 'Виды выпускаемой продукции ', '2021-03-30'),
       ('4d82c619-8c14-4482-8875-8660ef33343e', 'ОКПО', '2021-03-30'),
       ('293bedd1-cc17-4527-8814-039f17d1b137', 'ОКАТО', '2021-03-30'),
       ('16abc239-1604-4bbc-a518-d912ff4b5eaf', 'ОКОПФ', '2021-03-30'),
       ('b270db98-03e5-40bb-940a-cf534e7e627b', 'ОКФС', '2021-03-30'),
       ('1d17b192-6e12-4549-918d-b6ff7f047098', 'ОКТМО', '2021-03-30'),
       ('bbfeae46-92b1-4d3a-bd6d-a69043a1f14c', 'ОКВЭД', '2021-03-30'),
       ('732ae306-e241-498c-b56a-ef0d5089c69f', 'ОГРН', '2021-03-30'),
       ('668f8b26-26c9-4c14-b658-5b4ca9becd92', 'ГРН (последний)', '2021-03-30'),
       ('561fc377-dc9f-42bd-8425-63f55d58e058', 'ИНН', '2021-03-30'),
       ('9b30123a-f9a6-4996-aec3-b0cabda986f9', 'КПП', '2021-03-30'),
       ('7048c7f2-1780-4db5-8bfc-091327df19d3', 'Признак наличия собственного шифроргана (да/нет)', '2021-03-30'),
       ('45130233-b178-425d-8328-cff03dce4a32', 'Организация, с которой заключен договор на оказания услуг шифроргана (если есть)', '2021-03-30'),
       ('1196ec09-0c61-462a-9147-6e40e974f048', 'Дата окончания действия договора с внешней организацией на предоставление услуг шифроргана (если есть)', '2021-03-30'),
       ('1f50a18d-56b5-4139-b614-3f8debb52037', 'Максимальная степень секретности сведений, обрабатываемой шифрорганом', '2021-03-30'),
       ('baee494a-3b3f-4e81-b317-dfd1ebc09a1a', 'Номер военного представительства', '2021-03-30'),
       ('d99dec16-3096-4b3e-8b6b-be4af52b6914', 'Категория военного представительства', '2021-03-30'),
       ('fb5bd19f-a780-4686-abb8-58821f87f655', 'Подчиненность  военного представительства', '2021-03-30'),
       ('51cb8f26-67a8-4ed9-9399-68d622251f1a', 'Закрепляющий документ военного представительства', '2021-03-30'),
       ('7f912caa-caed-4964-b990-eeb4239419a3', 'Звание и ФИО начальника  военного представительства', '2021-03-30'),
       ('eb65a81b-1ce2-406a-a193-a033ed51813d', 'Контактный телефон начальника военного представительства', '2021-03-30'),
       ('222eaa6b-bd3d-492c-a286-3c182d6ce530', 'Примечания', '2021-03-30');

-- Адресно-справочная информация об организации -- Столбцы
-- Завершена
INSERT INTO public.app_columns(id, id_header_id, pos, id_code, id_chapter_id, direction)
VALUES ('e506c856-382e-4289-a283-d686dc9f6f4b', '9b1b2229-c3f0-41a3-a76b-1ab777a2ed8e', 0, 1, '99d5b67b-57e0-4aa0-a07c-29c997a280b7', 'A'), -- 'Код строки', '2021-03-30'),
       ('9619106b-0fd4-4022-9fe5-22dc910a8e0a', 'b12fbb8e-8974-4023-869e-edc50a6644a0', 0, 2, '99d5b67b-57e0-4aa0-a07c-29c997a280b7', 'B'), -- 'Показатель', '2021-03-30'),
       ('e77d75cf-aba0-4682-ba75-70fd2a481b8d', '8f8935ab-a741-4a24-a75b-52233f8d88ca', 0, 3, '99d5b67b-57e0-4aa0-a07c-29c997a280b7', 'C'); -- 'Значение показателя', '2021-03-30');

-- Адресно-справочная информация об организации -- Строки
-- Завершена
INSERT INTO public.app_rows(id, id_indicator_id, pos, id_parent, id_code, id_chapter_id, direction)
VALUES  ('45b06202-fe40-4d3d-b49f-0fe5a96b4858', 'a0d14650-28f5-4da6-bd7e-74379b09c239', 0, null, 100, '99d5b67b-57e0-4aa0-a07c-29c997a280b7', '11'), -- 'Полное наименование организации (филиала)'),
        ('d47455a3-76c9-4039-b75e-84e6a90a9eba', '1299d9fa-db31-404f-bfaf-0a077e2d6bf9', 0, null, 101, '99d5b67b-57e0-4aa0-a07c-29c997a280b7', '12'), -- 'Сокращенное наименование организации (филиала)'),
        ('dbebc0ba-77d7-40c0-9431-0f8ed75af7db', '0d5baf1a-32ec-447a-8845-eba72ad4e379', 0, null, 110, '99d5b67b-57e0-4aa0-a07c-29c997a280b7', '13'), -- 'Юридический адрес:'),
        ('2e372b74-5aa2-4287-a626-962a7e747c7c', '40d566a0-f197-4f02-978b-7c51cb7b1aaf', 1, 'dbebc0ba-77d7-40c0-9431-0f8ed75af7db', 111, '99d5b67b-57e0-4aa0-a07c-29c997a280b7', '14'), -- 'Почтовый индекс '),
        ('42a53b44-0af5-4936-9b81-2f62ad42807b', '1daf2b3d-847d-4cb5-80f5-08537f58453c', 1, 'dbebc0ba-77d7-40c0-9431-0f8ed75af7db', 112, '99d5b67b-57e0-4aa0-a07c-29c997a280b7', '15'), -- 'Республика, край, область'),
        ('ba0ce1b8-1550-4d86-9f55-75d21905d11d', '2b2bc598-f01a-40ca-a1ad-8313613e883d', 1, 'dbebc0ba-77d7-40c0-9431-0f8ed75af7db', 113, '99d5b67b-57e0-4aa0-a07c-29c997a280b7', '16'), -- 'Район, населенный пункт'),
        ('4ff0b897-70dc-4341-94c6-a96ff258f35d', '55661443-f4e7-4e31-be8a-c7b3d33be0a6', 1, 'dbebc0ba-77d7-40c0-9431-0f8ed75af7db', 114, '99d5b67b-57e0-4aa0-a07c-29c997a280b7', '17'), -- 'Улица, номер дома, корпус или строение'),
        ('ab9e65a1-f5ba-465e-91dc-68f407187bc5', '6d3c0a2f-f4f3-4b52-9fcf-2ef01823f65a', 0, null, 120, '99d5b67b-57e0-4aa0-a07c-29c997a280b7', '18'), -- 'Почтовый адрес:'),
        ('60123332-1125-4bed-931c-eb766f8939d9', '77a948ea-2551-4aa3-bf1d-059ef1d4d89c', 1, '9569bb24-9df1-41d5-8721-9211bbf76da5', 121, '99d5b67b-57e0-4aa0-a07c-29c997a280b7', '19'), -- 'Почтовый индекс '),
        ('e384b7b3-3bb0-438a-bdc9-5fa9a2babc09', '97fd7ced-4615-4a63-b0df-4abb450845c5', 1, '9569bb24-9df1-41d5-8721-9211bbf76da5', 122, '99d5b67b-57e0-4aa0-a07c-29c997a280b7', '20'), -- 'Республика, край, область'),
        ('0f48c4c2-29d1-4783-8812-37039fe82584', '2805ddd9-b0af-4146-ad0b-9af02d755824', 1, '9569bb24-9df1-41d5-8721-9211bbf76da5', 123, '99d5b67b-57e0-4aa0-a07c-29c997a280b7', '21'), -- 'Район, населенный пункт'),
        ('4d591198-d722-4dd5-8cac-bdd670981234', 'e530079d-7df4-47bc-bdf4-5267cb774f71', 1, '9569bb24-9df1-41d5-8721-9211bbf76da5', 124, '99d5b67b-57e0-4aa0-a07c-29c997a280b7', '22'), -- 'Улица, номер дома, корпус или строение'),
        ('8e468eb7-7e57-41f1-91a2-b17a5e869e22', '5aceeda0-d0aa-4619-9ce4-439ff7b9d73f', 0, null, 130, '99d5b67b-57e0-4aa0-a07c-29c997a280b7', '23'), -- 'Телефон (филиала)'),
        ('c483e010-5997-42e7-ada3-c26be9508100', 'bc7ffdc0-2245-411d-8f76-6b41026cf2b4', 0, null, 131, '99d5b67b-57e0-4aa0-a07c-29c997a280b7', '24'), -- 'Факс (филиала)'),
        ('97ae9c05-4bb0-4faa-8863-efb59ff4ffcf', '4ca0bb82-1c1a-4ac9-abe3-04e207fe9a41', 0, null, 132, '99d5b67b-57e0-4aa0-a07c-29c997a280b7', '25'), -- 'Адрес электронной почты (филиала)'),
        ('70485c7c-727d-433f-9f79-bf00beb09dbb', '2de63b6b-e04a-4025-907a-c62c8c9a16b4', 0, null, 133, '99d5b67b-57e0-4aa0-a07c-29c997a280b7', '26'), -- 'Сайт организации (филиала)'),
        ('8897df46-bb6b-47fe-a5f9-6834b438ca70', '03208205-acfc-44d7-894c-d02962f70e00', 0, null, 134, '99d5b67b-57e0-4aa0-a07c-29c997a280b7', '27'), -- 'Должность, фамилия, имя, отчество руководителя'),
        ('30c2167b-4e11-4f7f-95a4-0a5133c5435b', '696f7e78-cf14-4055-a1cf-daa68fe7d2ac', 0, null, 135, '99d5b67b-57e0-4aa0-a07c-29c997a280b7', '28'), -- 'Наименование головной организации (для филиала)'),
        ('06bad32b-0bdd-48a0-8bab-271e806d2af1', 'acc36e9b-d390-4a68-9a51-0b44d413813c', 0, null, 140, '99d5b67b-57e0-4aa0-a07c-29c997a280b7', '29'), -- 'Когда и на каком основании (дата и номер документа) создана организация'),
        ('fe34d201-740a-4fc3-b986-6e2721977306', '5d86dc60-2954-4526-8611-27d983e2018f', 0, null, 141, '99d5b67b-57e0-4aa0-a07c-29c997a280b7', '30'), -- 'Основной государственный регистрационный номер записи о создании юридического лица, внесенный в ЕГРЮЛ'),
        ('000759bd-517d-4aca-bf1b-096d33a4631c', 'bd5e6712-ab4e-4c6f-873e-6d92a63163c8', 0, null, 142, '99d5b67b-57e0-4aa0-a07c-29c997a280b7', '31'), -- 'Дата выдачи свидетельства о внесении изменений в ЕГРЮЛ'),
        ('8a710266-0410-460d-8bce-3bf7cac155f5', 'ab044c8d-3e14-4871-86db-0ddb5f9ff1b8', 0, null, 200, '99d5b67b-57e0-4aa0-a07c-29c997a280b7', '32'), -- 'Уставной капитал (уставный фонд, складочный капитал), рублей'),
        ('41d6edee-3c91-4315-9859-62cf060137f2', '1f8c41e7-54b6-4f93-9589-458dea61b5d8', 0, null, 210, '99d5b67b-57e0-4aa0-a07c-29c997a280b7', '33'), -- 'Доля в уставном капитале привилегированных акций, % '),
        ('5a02c4b3-3bd2-45ee-9f23-fa3bcf43c9b3', 'a772b2d6-ab71-45eb-b7ce-484a45fe073e', 0, null, 300, '99d5b67b-57e0-4aa0-a07c-29c997a280b7', '34'), -- 'Отраслевая принадлежность'),
        ('5b36f4b5-b7d4-4b1a-94da-f386d046835d', '41cb36d2-0369-4be4-8d9f-32bcefc77c52', 0, null, 310, '99d5b67b-57e0-4aa0-a07c-29c997a280b7', '35'), -- 'Наименование интегрированной структуры (холдинга), в которую входит'),
        ('0f1c88a4-84f5-4670-a463-da0f50c87fa6', '120a0792-029d-4864-9950-6bfcb5176f62', 0, null, 311, '99d5b67b-57e0-4aa0-a07c-29c997a280b7', '36'), -- 'Управляющая компания (полное наименование организации, которой переданы функции единоличного исполнительного органа)'),
        ('3ab420f6-e599-4c0e-979d-2f5f9782cd1a', 'd5f40b2e-0a27-45ea-a685-62212c56ecfc', 0, null, 320, '99d5b67b-57e0-4aa0-a07c-29c997a280b7', '37'), -- 'Специализация'),
        ('3bc01707-5373-4f38-ac2d-8e66aaccc204', '97f09001-7050-41d0-bdad-2d559c9b9d92', 0, null, 321, '99d5b67b-57e0-4aa0-a07c-29c997a280b7', '38'), -- 'Виды выпускаемой продукции '),
        ('ca5f86ba-d547-45df-aa9b-a0c1e80affe2', '4d82c619-8c14-4482-8875-8660ef33343e', 0, null, 330, '99d5b67b-57e0-4aa0-a07c-29c997a280b7', '39'), -- 'ОКПО'),
        ('67021d5e-f057-49f7-b366-0cc44bf4bbb0', '293bedd1-cc17-4527-8814-039f17d1b137', 0, null, 331, '99d5b67b-57e0-4aa0-a07c-29c997a280b7', '40'), -- 'ОКАТО'),
        ('a37f7c7f-7b9f-44bd-88c0-e1e65f82ed51', '16abc239-1604-4bbc-a518-d912ff4b5eaf', 0, null, 332, '99d5b67b-57e0-4aa0-a07c-29c997a280b7', '41'), -- 'ОКОПФ'),
        ('58a39fba-8e49-410e-9fb9-f786a42c62e7', 'b270db98-03e5-40bb-940a-cf534e7e627b', 0, null, 333, '99d5b67b-57e0-4aa0-a07c-29c997a280b7', '42'), -- 'ОКФС'),
        ('faea0973-fe7d-4a5a-8cd7-0739638aec5b', '1d17b192-6e12-4549-918d-b6ff7f047098', 0, null, 334, '99d5b67b-57e0-4aa0-a07c-29c997a280b7', '43'), -- 'ОКТМО'),
        ('b8adfbed-6b33-4a15-a836-720f4aba3b82', 'bbfeae46-92b1-4d3a-bd6d-a69043a1f14c', 0, null, 335, '99d5b67b-57e0-4aa0-a07c-29c997a280b7', '44'), -- 'ОКВЭД'),
        ('f2896a3b-18a2-4c24-a8bc-393ffb4a28b0', '732ae306-e241-498c-b56a-ef0d5089c69f', 0, null, 336, '99d5b67b-57e0-4aa0-a07c-29c997a280b7', '45'), -- 'ОГРН'),
        ('fa5b3e9a-53a9-42fb-8972-19c4430ee2dd', '668f8b26-26c9-4c14-b658-5b4ca9becd92', 0, null, 337, '99d5b67b-57e0-4aa0-a07c-29c997a280b7', '46'), -- 'ГРН (последний)'),
        ('b3f3f4f6-1e9b-4bdb-82a2-5259262075d3', '561fc377-dc9f-42bd-8425-63f55d58e058', 0, null, 338, '99d5b67b-57e0-4aa0-a07c-29c997a280b7', '47'), -- 'ИНН'),
        ('6d510a00-1213-4832-b232-98078330a420', '9b30123a-f9a6-4996-aec3-b0cabda986f9', 0, null, 339, '99d5b67b-57e0-4aa0-a07c-29c997a280b7', '48'), -- 'КПП'),
        ('e0cf5a29-b802-4c8d-9ff0-dfcbe6b702a6', '7048c7f2-1780-4db5-8bfc-091327df19d3', 0, null, 400, '99d5b67b-57e0-4aa0-a07c-29c997a280b7', '49'), -- 'Признак наличия собственного шифроргана (да/нет)'),
        ('96773e5e-47ef-44db-9577-437120b0fe4d', '45130233-b178-425d-8328-cff03dce4a32', 0, null, 410, '99d5b67b-57e0-4aa0-a07c-29c997a280b7', '50'), -- 'Организация, с которой заключен договор на оказания услуг шифроргана (если есть)'),
        ('fc4f4fbe-b4f0-41a2-9c3d-d61994e84777', '1196ec09-0c61-462a-9147-6e40e974f048', 0, null, 420, '99d5b67b-57e0-4aa0-a07c-29c997a280b7', '51'), -- 'Дата окончания действия договора с внешней организацией на предоставление услуг шифроргана (если есть)'),
        ('f04356c7-46d2-4032-b725-6deeb116b4fc', '1f50a18d-56b5-4139-b614-3f8debb52037', 0, null, 430, '99d5b67b-57e0-4aa0-a07c-29c997a280b7', '52'), -- 'Максимальная степень секретности сведений, обрабатываемой шифрорганом'),
        ('e7b84c9d-f8c0-4743-af00-eeff572cbd86', 'baee494a-3b3f-4e81-b317-dfd1ebc09a1a', 0, null, 500, '99d5b67b-57e0-4aa0-a07c-29c997a280b7', '53'), -- 'Номер военного представительства'),
        ('c18258d2-e9d1-4604-bf88-e0c5760c5acb', 'd99dec16-3096-4b3e-8b6b-be4af52b6914', 0, null, 510, '99d5b67b-57e0-4aa0-a07c-29c997a280b7', '54'), -- 'Категория военного представительства'),
        ('2026af57-1457-4245-b7c1-1d8b32feecb7', 'fb5bd19f-a780-4686-abb8-58821f87f655', 0, null, 520, '99d5b67b-57e0-4aa0-a07c-29c997a280b7', '55'), -- 'Подчиненность  военного представительства'),
        ('69b2d287-b399-4443-9fde-c535efe63b70', '51cb8f26-67a8-4ed9-9399-68d622251f1a', 0, null, 530, '99d5b67b-57e0-4aa0-a07c-29c997a280b7', '56'), -- 'Закрепляющий документ военного представительства'),
        ('76e8e7a6-b593-4c77-988a-6d9c4351c197', '7f912caa-caed-4964-b990-eeb4239419a3', 0, null, 540, '99d5b67b-57e0-4aa0-a07c-29c997a280b7', '57'), -- 'Звание и ФИО начальника  военного представительства'),
        ('ecae66fb-6d2c-429e-8b9e-ac90343f2043', 'eb65a81b-1ce2-406a-a193-a033ed51813d', 0, null, 550, '99d5b67b-57e0-4aa0-a07c-29c997a280b7', '58'), -- 'Контактный телефон начальника военного представительства'),
        ('e0d27c44-b387-4c30-8347-5a284f710bdc', '222eaa6b-bd3d-492c-a286-3c182d6ce530', 0, null, 600, '99d5b67b-57e0-4aa0-a07c-29c997a280b7', '59'); -- 'Примечания');



INSERT INTO public.app_records(id, id_column_id, id_row_id, id_chapter_id, icol)
VALUES ('831e37a6-25cc-4c92-804b-38d84759c5e5', 'e77d75cf-aba0-4682-ba75-70fd2a481b8d', '45b06202-fe40-4d3d-b49f-0fe5a96b4858', '99d5b67b-57e0-4aa0-a07c-29c997a280b7', 0),
       ('7e8de804-2354-4fbd-8f76-e7ae585b5dc1', 'e77d75cf-aba0-4682-ba75-70fd2a481b8d', 'd47455a3-76c9-4039-b75e-84e6a90a9eba', '99d5b67b-57e0-4aa0-a07c-29c997a280b7', 0),
       ('51201299-fb6c-4e50-bd75-62be6779d293', 'e77d75cf-aba0-4682-ba75-70fd2a481b8d', 'dbebc0ba-77d7-40c0-9431-0f8ed75af7db', '99d5b67b-57e0-4aa0-a07c-29c997a280b7', 0),
       ('d6965bb5-de31-4d3c-9939-fdaecbfd3ffb', 'e77d75cf-aba0-4682-ba75-70fd2a481b8d', '2e372b74-5aa2-4287-a626-962a7e747c7c', '99d5b67b-57e0-4aa0-a07c-29c997a280b7', 0),
       ('3a491d23-88b2-42b4-8960-4501ffd9b3f8', 'e77d75cf-aba0-4682-ba75-70fd2a481b8d', '42a53b44-0af5-4936-9b81-2f62ad42807b', '99d5b67b-57e0-4aa0-a07c-29c997a280b7', 0),
       ('010dbd69-cb34-40f2-9177-ee6f29be707f', 'e77d75cf-aba0-4682-ba75-70fd2a481b8d', 'ba0ce1b8-1550-4d86-9f55-75d21905d11d', '99d5b67b-57e0-4aa0-a07c-29c997a280b7', 0),
       ('9ba8d24d-9e4e-4fdd-b822-45037f8b7b2c', 'e77d75cf-aba0-4682-ba75-70fd2a481b8d', '4ff0b897-70dc-4341-94c6-a96ff258f35d', '99d5b67b-57e0-4aa0-a07c-29c997a280b7', 0),
       ('592f9a39-cc7f-42ca-9515-2f7593a4a487', 'e77d75cf-aba0-4682-ba75-70fd2a481b8d', 'ab9e65a1-f5ba-465e-91dc-68f407187bc5', '99d5b67b-57e0-4aa0-a07c-29c997a280b7', 0),
       ('da669beb-735a-47ce-b0e0-cd911ef98549', 'e77d75cf-aba0-4682-ba75-70fd2a481b8d', '60123332-1125-4bed-931c-eb766f8939d9', '99d5b67b-57e0-4aa0-a07c-29c997a280b7', 0),
       ('22032c56-37ae-47b2-a291-69ddbd22ccfc', 'e77d75cf-aba0-4682-ba75-70fd2a481b8d', 'e384b7b3-3bb0-438a-bdc9-5fa9a2babc09', '99d5b67b-57e0-4aa0-a07c-29c997a280b7', 0),
       ('1bc4a07a-ce9b-477b-8c38-907736c8f1bd', 'e77d75cf-aba0-4682-ba75-70fd2a481b8d', '0f48c4c2-29d1-4783-8812-37039fe82584', '99d5b67b-57e0-4aa0-a07c-29c997a280b7', 0),
       ('e9545016-1354-430e-8a8e-68b7209bc6f1', 'e77d75cf-aba0-4682-ba75-70fd2a481b8d', '4d591198-d722-4dd5-8cac-bdd670981234', '99d5b67b-57e0-4aa0-a07c-29c997a280b7', 0),
       ('43bb3726-4faa-4fae-a773-f5f3a4cfc5c4', 'e77d75cf-aba0-4682-ba75-70fd2a481b8d', '8e468eb7-7e57-41f1-91a2-b17a5e869e22', '99d5b67b-57e0-4aa0-a07c-29c997a280b7', 0),
       ('a7d916ce-1131-4f7b-ad90-4daa199c3164', 'e77d75cf-aba0-4682-ba75-70fd2a481b8d', 'c483e010-5997-42e7-ada3-c26be9508100', '99d5b67b-57e0-4aa0-a07c-29c997a280b7', 0),
       ('01231258-b266-4133-bb22-f6967aa743d9', 'e77d75cf-aba0-4682-ba75-70fd2a481b8d', '97ae9c05-4bb0-4faa-8863-efb59ff4ffcf', '99d5b67b-57e0-4aa0-a07c-29c997a280b7', 0),
       ('a55791d5-3ee7-45f2-a315-80a9ea7b9cf1', 'e77d75cf-aba0-4682-ba75-70fd2a481b8d', '70485c7c-727d-433f-9f79-bf00beb09dbb', '99d5b67b-57e0-4aa0-a07c-29c997a280b7', 0),
       ('5b9dc3c3-c15b-4ba7-96a3-5561cfc05ebc', 'e77d75cf-aba0-4682-ba75-70fd2a481b8d', '8897df46-bb6b-47fe-a5f9-6834b438ca70', '99d5b67b-57e0-4aa0-a07c-29c997a280b7', 0),
       ('8d71a674-d02d-47d4-9a4a-920c3d700e2f', 'e77d75cf-aba0-4682-ba75-70fd2a481b8d', '30c2167b-4e11-4f7f-95a4-0a5133c5435b', '99d5b67b-57e0-4aa0-a07c-29c997a280b7', 0),
       ('5054136c-8e31-40f5-9eff-290dd144cd29', 'e77d75cf-aba0-4682-ba75-70fd2a481b8d', '06bad32b-0bdd-48a0-8bab-271e806d2af1', '99d5b67b-57e0-4aa0-a07c-29c997a280b7', 0),
       ('ee597c06-0074-4556-80c3-65d94fe2dc02', 'e77d75cf-aba0-4682-ba75-70fd2a481b8d', 'fe34d201-740a-4fc3-b986-6e2721977306', '99d5b67b-57e0-4aa0-a07c-29c997a280b7', 0),
       ('b15defe5-1f22-4026-9357-55f1d0ca9d3c', 'e77d75cf-aba0-4682-ba75-70fd2a481b8d', '000759bd-517d-4aca-bf1b-096d33a4631c', '99d5b67b-57e0-4aa0-a07c-29c997a280b7', 0),
       ('4e95ff8a-23ef-4b61-a52c-593574761885', 'e77d75cf-aba0-4682-ba75-70fd2a481b8d', '8a710266-0410-460d-8bce-3bf7cac155f5', '99d5b67b-57e0-4aa0-a07c-29c997a280b7', 0),
       ('fddb582a-d0b7-4dbb-99f1-b94075280b95', 'e77d75cf-aba0-4682-ba75-70fd2a481b8d', '41d6edee-3c91-4315-9859-62cf060137f2', '99d5b67b-57e0-4aa0-a07c-29c997a280b7', 0),
       ('1d5477fe-047c-4151-bb3d-050196405179', 'e77d75cf-aba0-4682-ba75-70fd2a481b8d', '5a02c4b3-3bd2-45ee-9f23-fa3bcf43c9b3', '99d5b67b-57e0-4aa0-a07c-29c997a280b7', 0),
       ('55e258be-1ef2-432b-9a8b-4666018751e5', 'e77d75cf-aba0-4682-ba75-70fd2a481b8d', '5b36f4b5-b7d4-4b1a-94da-f386d046835d', '99d5b67b-57e0-4aa0-a07c-29c997a280b7', 0),
       ('8524d578-bdc7-4f0c-9ca9-49d456ed0a90', 'e77d75cf-aba0-4682-ba75-70fd2a481b8d', '0f1c88a4-84f5-4670-a463-da0f50c87fa6', '99d5b67b-57e0-4aa0-a07c-29c997a280b7', 0),
       ('3ba4ef03-fb5a-4493-abce-da4a47318c88', 'e77d75cf-aba0-4682-ba75-70fd2a481b8d', '3ab420f6-e599-4c0e-979d-2f5f9782cd1a', '99d5b67b-57e0-4aa0-a07c-29c997a280b7', 0),
       ('9af014c1-baba-48ad-9985-e31c350af454', 'e77d75cf-aba0-4682-ba75-70fd2a481b8d', '3bc01707-5373-4f38-ac2d-8e66aaccc204', '99d5b67b-57e0-4aa0-a07c-29c997a280b7', 0),
       ('2bb6cef6-f108-4ce9-83fb-326644edac14', 'e77d75cf-aba0-4682-ba75-70fd2a481b8d', 'ca5f86ba-d547-45df-aa9b-a0c1e80affe2', '99d5b67b-57e0-4aa0-a07c-29c997a280b7', 0),
       ('cf754b2a-14b2-4129-9eb2-8e102b2bada7', 'e77d75cf-aba0-4682-ba75-70fd2a481b8d', '67021d5e-f057-49f7-b366-0cc44bf4bbb0', '99d5b67b-57e0-4aa0-a07c-29c997a280b7', 0),
       ('1bc034c0-f962-40b8-b554-1ad313093921', 'e77d75cf-aba0-4682-ba75-70fd2a481b8d', 'a37f7c7f-7b9f-44bd-88c0-e1e65f82ed51', '99d5b67b-57e0-4aa0-a07c-29c997a280b7', 0),
       ('efb853f5-bf76-4c36-8677-55a2fc725fb8', 'e77d75cf-aba0-4682-ba75-70fd2a481b8d', '58a39fba-8e49-410e-9fb9-f786a42c62e7', '99d5b67b-57e0-4aa0-a07c-29c997a280b7', 0),
       ('14249d94-0a08-4ae6-b737-21988e7d75ce', 'e77d75cf-aba0-4682-ba75-70fd2a481b8d', 'faea0973-fe7d-4a5a-8cd7-0739638aec5b', '99d5b67b-57e0-4aa0-a07c-29c997a280b7', 0),
       ('482e069e-c5a1-4930-ace5-e07f83bd0639', 'e77d75cf-aba0-4682-ba75-70fd2a481b8d', 'b8adfbed-6b33-4a15-a836-720f4aba3b82', '99d5b67b-57e0-4aa0-a07c-29c997a280b7', 0),
       ('b8c70704-0892-4420-b98f-2aa30193901f', 'e77d75cf-aba0-4682-ba75-70fd2a481b8d', 'f2896a3b-18a2-4c24-a8bc-393ffb4a28b0', '99d5b67b-57e0-4aa0-a07c-29c997a280b7', 0),
       ('d805a44e-0fb0-40ae-9952-e8c271e0a4ce', 'e77d75cf-aba0-4682-ba75-70fd2a481b8d', 'fa5b3e9a-53a9-42fb-8972-19c4430ee2dd', '99d5b67b-57e0-4aa0-a07c-29c997a280b7', 0),
       ('d5de58a5-e269-40d8-b123-b847364d81b6', 'e77d75cf-aba0-4682-ba75-70fd2a481b8d', 'b3f3f4f6-1e9b-4bdb-82a2-5259262075d3', '99d5b67b-57e0-4aa0-a07c-29c997a280b7', 0),
       ('837014fc-eae4-4c77-9a82-932fd42468e6', 'e77d75cf-aba0-4682-ba75-70fd2a481b8d', '6d510a00-1213-4832-b232-98078330a420', '99d5b67b-57e0-4aa0-a07c-29c997a280b7', 0),
       ('678ed6e7-aada-4fbe-90cb-46fe4fa31456', 'e77d75cf-aba0-4682-ba75-70fd2a481b8d', 'e0cf5a29-b802-4c8d-9ff0-dfcbe6b702a6', '99d5b67b-57e0-4aa0-a07c-29c997a280b7', 0),
       ('7c54177e-48aa-4f59-90e9-3d4ea3267187', 'e77d75cf-aba0-4682-ba75-70fd2a481b8d', '96773e5e-47ef-44db-9577-437120b0fe4d', '99d5b67b-57e0-4aa0-a07c-29c997a280b7', 0),
       ('f2d8cf0e-e21e-49ec-b1bf-483c338fb59b', 'e77d75cf-aba0-4682-ba75-70fd2a481b8d', 'fc4f4fbe-b4f0-41a2-9c3d-d61994e84777', '99d5b67b-57e0-4aa0-a07c-29c997a280b7', 0),
       ('391f4f0a-2fd8-48d7-9fa2-dc75968032fb', 'e77d75cf-aba0-4682-ba75-70fd2a481b8d', 'f04356c7-46d2-4032-b725-6deeb116b4fc', '99d5b67b-57e0-4aa0-a07c-29c997a280b7', 0),
       ('b9db2b13-57f0-4a35-96d9-929b9083ad59', 'e77d75cf-aba0-4682-ba75-70fd2a481b8d', 'e7b84c9d-f8c0-4743-af00-eeff572cbd86', '99d5b67b-57e0-4aa0-a07c-29c997a280b7', 0),
       ('215dfaa1-b9aa-4ab2-b74c-714c8d033249', 'e77d75cf-aba0-4682-ba75-70fd2a481b8d', 'c18258d2-e9d1-4604-bf88-e0c5760c5acb', '99d5b67b-57e0-4aa0-a07c-29c997a280b7', 0),
       ('bab4de05-4de1-4e96-bf8f-9f44728fc765', 'e77d75cf-aba0-4682-ba75-70fd2a481b8d', '2026af57-1457-4245-b7c1-1d8b32feecb7', '99d5b67b-57e0-4aa0-a07c-29c997a280b7', 0),
       ('b0f0d1a3-2819-4acc-898d-e7c10da8e4cb', 'e77d75cf-aba0-4682-ba75-70fd2a481b8d', '69b2d287-b399-4443-9fde-c535efe63b70', '99d5b67b-57e0-4aa0-a07c-29c997a280b7', 0),
       ('d463367b-4fc8-4c1d-997b-55acb9b77a48', 'e77d75cf-aba0-4682-ba75-70fd2a481b8d', '76e8e7a6-b593-4c77-988a-6d9c4351c197', '99d5b67b-57e0-4aa0-a07c-29c997a280b7', 0),
       ('a44d75b8-c6b0-4ae4-b41b-1e54ab928794', 'e77d75cf-aba0-4682-ba75-70fd2a481b8d', 'ecae66fb-6d2c-429e-8b9e-ac90343f2043', '99d5b67b-57e0-4aa0-a07c-29c997a280b7', 0),
       ('5a003e89-6b50-4fd0-b63d-d92c870c9c40', 'e77d75cf-aba0-4682-ba75-70fd2a481b8d', 'e0d27c44-b387-4c30-8347-5a284f710bdc', '99d5b67b-57e0-4aa0-a07c-29c997a280b7', 0);


-------------------------- Сведения о филиалах и обособленных производственных подразделениях --------------------------

-- Сведения о филиалах и обособленных производственных подразделениях
-- Завершена
INSERT INTO public.app_header_data(id, name, actual_d)
VALUES ('37ef6e19-0ff7-403f-8b99-6a8c9b040455', '№ п.п.', '2021-03-30'),
       ('2ee95583-47f9-4d19-a675-4d7f6fc49b33', 'Полное название', '2021-03-30'),
       ('b4ae014d-5d33-4e68-ba3b-529bef770961', 'Краткое название', '2021-03-30'),
       ('50696689-20ea-460e-ad22-689e293b7aff', 'Почтовый адрес', '2021-03-30'),
       ('eec378bd-a96a-4916-830a-0ca9afed6655', 'Индекс', '2021-03-30'),
       ('52166d37-7cf8-4a30-98bb-e175cf7dfb83', 'Республика, край, область', '2021-03-30'),
       ('ff66caed-fe6c-4610-98e1-f780e1767bf9', 'Район, населенный пункт', '2021-03-30'),
       ('71c02b9f-59ad-443b-8e69-0507a1a5a156', 'Улица, номер дома, корпус или строение', '2021-03-30'),
       ('448d9f92-011f-48e2-a5bf-6da4a89a229e', 'Специализация, основные виды выпускаемой продукции', '2021-03-30'),
       ('7dcd300c-f9ea-4eab-86ba-5fb5f229b39f', 'Примечания', '2021-03-30');

-- Сведения о филиалах и обособленных производственных подразделениях
-- Завершена
INSERT INTO public.app_columns(id, id_header_id, pos, id_code, id_chapter_id, direction, startech)
VALUES ('2f7add2d-a699-4d85-912b-ff9e33826cda', '37ef6e19-0ff7-403f-8b99-6a8c9b040455', 0, 1, 'aa56e8ca-fbca-4824-88a1-4022a29dfd80', 'A', 13), -- '№ п.п.', '2021-03-30'),
       ('7bc40069-6414-41f9-b0f9-00d3b8cb3f77', '2ee95583-47f9-4d19-a675-4d7f6fc49b33', 0, 2, 'aa56e8ca-fbca-4824-88a1-4022a29dfd80', 'B', 13), -- 'Полное название', '2021-03-30'),
       ('d19866d9-62d8-4561-9abc-0034d6c76568', 'b4ae014d-5d33-4e68-ba3b-529bef770961', 0, 3, 'aa56e8ca-fbca-4824-88a1-4022a29dfd80', 'C', 13), -- 'Краткое название', '2021-03-30'),
       ('664e9c16-27a8-4dfb-9dc4-ee04db2774dc', '50696689-20ea-460e-ad22-689e293b7aff', 0, 4, 'aa56e8ca-fbca-4824-88a1-4022a29dfd80', 'D', 13), -- 'Почтовый адрес', '2021-03-30'),
       ('59ca46ad-9042-4aee-bcb6-f344834b9618', '448d9f92-011f-48e2-a5bf-6da4a89a229e', 0, 8, 'aa56e8ca-fbca-4824-88a1-4022a29dfd80', 'H', 13), -- 'Специализация, основные виды выпускаемой продукции', '2021-03-30'),
       ('cf69208c-8711-42f8-84c1-dddeade93de5', '7dcd300c-f9ea-4eab-86ba-5fb5f229b39f', 0, 9, 'aa56e8ca-fbca-4824-88a1-4022a29dfd80', 'I', 13); -- 'Примечания', '2021-03-30');

INSERT INTO public.app_columns(id, id_header_id, pos, id_parent, id_code, id_chapter_id, direction, startech)
VALUES ('e07f0461-c051-41cb-a2bb-fc197b67320b', 'eec378bd-a96a-4916-830a-0ca9afed6655', 1, '664e9c16-27a8-4dfb-9dc4-ee04db2774dc', 4, 'aa56e8ca-fbca-4824-88a1-4022a29dfd80', 'D', 13), -- 'Индекс', '2021-03-30'),
       ('753e5cfd-3666-4601-a4af-cef05a52e0fa', '52166d37-7cf8-4a30-98bb-e175cf7dfb83', 1, '664e9c16-27a8-4dfb-9dc4-ee04db2774dc', 5, 'aa56e8ca-fbca-4824-88a1-4022a29dfd80', 'E', 13), -- 'Республика, край, область', '2021-03-30'),
       ('a9e6c822-542a-43e0-835c-ae607ff7d0ee', 'ff66caed-fe6c-4610-98e1-f780e1767bf9', 1, '664e9c16-27a8-4dfb-9dc4-ee04db2774dc', 6, 'aa56e8ca-fbca-4824-88a1-4022a29dfd80', 'F', 13), -- 'Район, населенный пункт', '2021-03-30'),
       ('d892a859-ea83-4384-b6c9-a183947e1609', '71c02b9f-59ad-443b-8e69-0507a1a5a156', 1, '664e9c16-27a8-4dfb-9dc4-ee04db2774dc', 7, 'aa56e8ca-fbca-4824-88a1-4022a29dfd80', 'G', 13); -- 'Улица, номер дома, корпус или строение', '2021-03-30'),

INSERT INTO public.app_records(id, id_column_id, id_row_id, id_chapter_id)
VALUES ('30eee3ae-df89-469c-a684-9ed7e837b199', '2f7add2d-a699-4d85-912b-ff9e33826cda', null, 'aa56e8ca-fbca-4824-88a1-4022a29dfd80'),
       ('faa43a14-f23c-4852-b0f7-c7f90ef98651', '7bc40069-6414-41f9-b0f9-00d3b8cb3f77', null, 'aa56e8ca-fbca-4824-88a1-4022a29dfd80'),
       ('d5cd3a1c-ad05-4bf6-83a4-4bf998fafac2', 'd19866d9-62d8-4561-9abc-0034d6c76568', null, 'aa56e8ca-fbca-4824-88a1-4022a29dfd80'),
       ('7688cb45-75e4-4f0c-941b-7560ecf0fda6', '59ca46ad-9042-4aee-bcb6-f344834b9618', null, 'aa56e8ca-fbca-4824-88a1-4022a29dfd80'),
       ('b9d0b093-45b9-4b48-8184-276095e615ec', 'cf69208c-8711-42f8-84c1-dddeade93de5', null, 'aa56e8ca-fbca-4824-88a1-4022a29dfd80'),
       ('71688258-5d99-4173-a623-53a765ed6391', 'e07f0461-c051-41cb-a2bb-fc197b67320b', null, 'aa56e8ca-fbca-4824-88a1-4022a29dfd80'),
       ('b96e297d-a53e-4421-95e6-62812931b50a', '753e5cfd-3666-4601-a4af-cef05a52e0fa', null, 'aa56e8ca-fbca-4824-88a1-4022a29dfd80'),
       ('fa070f6b-76a2-449f-bf70-154ddbf2571e', 'a9e6c822-542a-43e0-835c-ae607ff7d0ee', null, 'aa56e8ca-fbca-4824-88a1-4022a29dfd80'),
       ('1cb31ba9-4c08-4cf7-9623-f8edeff60325', 'd892a859-ea83-4384-b6c9-a183947e1609', null, 'aa56e8ca-fbca-4824-88a1-4022a29dfd80');
--------------------------------------------------- Ситуационный план --------------------------------------------------

-- ??????????????????????????????????????

----------------------------------------------- Схема генерального  плана ----------------------------------------------

-- ??????????????????????????????????????

---------------------------- Организационно-структурная схема организации (схема управления) ---------------------------

-- ??????????????????????????????????????

----------------------------------- Сведения о сертификатах соответствия(заключениях) ----------------------------------

-- Сведения о сертификатах соответствия(заключениях) -- Столбцы
-- Завершена
INSERT INTO public.app_header_data(id, name, actual_d)
VALUES ('9df74ca0-2851-4784-9906-4dcaa338fd3c', '№ п.п.', '2021-03-30'),
       ('a5b9b507-945b-49c2-9d5f-1852b98e56fb', 'Наименование', '2021-03-30'),
       ('ecb9d320-51dd-4018-906e-dfe58adffa4d', 'Орган по сертификации', '2021-03-30'),
       ('e090813a-1cb3-4f37-87bb-2dfb65b4b5dd', 'Система сертификации', '2021-03-30'),
       ('ca453ff3-e518-49f9-bc39-931f054cdcfe', 'Реквизиты', '2021-03-30'),
       ('660ef338-33e7-4145-ac9b-6c1b2074f5b1', 'Наименование, обозначение документа', '2021-03-30'),
       ('6a634154-8b91-4dec-b2b5-07a91a527939', 'Номер', '2021-03-30'),
       ('0ab76721-e39a-40bf-8d9f-4b59d9e3961f', 'Дата выдачи', '2021-03-30'),
       ('097a7f5d-4bd7-4c8e-9b03-86e710dbb441', 'Срок действия', '2021-03-30'),
       ('fb99ee77-d131-42f6-a2d8-0b5c1a7e2c06', 'Дата начала', '2021-03-30'),
       ('db349fb4-20ca-4ec7-bf22-57f52c67591b', 'Дата окончания', '2021-03-30'),
       ('87b7bb6b-1121-4042-b988-15b5870975e5', 'Область действия', '2021-03-30'),
       ('7ff635e5-9faa-4f7d-abb0-6be1bd9f5a95', 'Наименование (сертификата, заключения)', '2021-03-30'),
       ('5a05695c-13d2-4024-8d3b-299b903b8886', 'Объект сертификации (система менеджмента качества, продукция, технологический процесс, производство, система управления окружающей средой, система управления охраной труда, иное)', '2021-03-30'),
       ('9634b828-49a3-4049-af62-eaafecc9ad9f', 'Системы менеджмента качества', '2021-03-30'),
       ('8b6900d7-06dd-4f3e-ab79-af74247170a5', 'По видам деятельности (разработка, производство, ремонт, утилизация)', '2021-03-30'),
       ('75dbe1ad-0071-4a76-9488-f9a74d47a5a0', 'По кодам ЕКПС', '2021-03-30'),
       ('178e0a80-70a8-4b2f-975c-8bd8002598b4', 'По кодам ОКП (по видам и типам продукции)', '2021-03-30'),
       ('ac076d13-d0af-45b9-a012-fcbc90b3c7f6', 'Реквизиты документа, которым соответствует  объект сертификации (наименование, обозначение ГОСТ, ТУ и так далее)', '2021-03-30'),
       ('e0efd2cd-f0b6-4b42-a249-87fe1c9b1e16', 'Номер ВП, номер и дата согласования им сертификата, заключения', '2021-03-30');

-- Сведения о сертификатах соответствия(заключениях) -- Столбцы
-- Завершена
INSERT INTO public.app_columns(id, id_header_id, pos, id_parent, id_code, id_chapter_id, direction, startech)
VALUES ('89dc736c-880c-4a91-85ad-b377ad8b9d7f', '9df74ca0-2851-4784-9906-4dcaa338fd3c', 0, null, 1, 'fd3bb642-8fcb-4a1b-8d68-0010cad89e1a', 'A', 14), -- '№ п.п.', '2021-03-30'
       ('76629fcb-a7c7-4a16-be49-ab89d850b8d2', 'a5b9b507-945b-49c2-9d5f-1852b98e56fb', 0, null, 2, 'fd3bb642-8fcb-4a1b-8d68-0010cad89e1a', 'B', 14), -- 'Наименование', '2021-03-30'
       ('6a236196-4e5d-42c2-a22e-498700b731d9', 'ecb9d320-51dd-4018-906e-dfe58adffa4d', 1, '76629fcb-a7c7-4a16-be49-ab89d850b8d2', 2, 'fd3bb642-8fcb-4a1b-8d68-0010cad89e1a', 'B', 14), -- 'Орган по сертификации', '2021-03-30'
       ('bce20345-a7ad-4fd3-81ee-c8f24d6059c5', 'e090813a-1cb3-4f37-87bb-2dfb65b4b5dd', 1, '76629fcb-a7c7-4a16-be49-ab89d850b8d2', 3, 'fd3bb642-8fcb-4a1b-8d68-0010cad89e1a', 'C', 14), -- 'Система сертификации', '2021-03-30'
       ('1be82623-c69c-4684-bd29-93a7757a4c9c', 'ca453ff3-e518-49f9-bc39-931f054cdcfe', 0, null, 4, 'fd3bb642-8fcb-4a1b-8d68-0010cad89e1a', 'C', 14), -- 'Реквизиты', '2021-03-30'
       ('704a286c-f461-40a0-876f-f9287ac21462', '660ef338-33e7-4145-ac9b-6c1b2074f5b1', 1, '1be82623-c69c-4684-bd29-93a7757a4c9c', 4, 'fd3bb642-8fcb-4a1b-8d68-0010cad89e1a', 'D', 14), -- 'Наименование, обозначение документа', '2021-03-30'
       ('2370433e-48a3-4983-b88e-5fabb00f6bd9', '6a634154-8b91-4dec-b2b5-07a91a527939', 1, '1be82623-c69c-4684-bd29-93a7757a4c9c', 5, 'fd3bb642-8fcb-4a1b-8d68-0010cad89e1a', 'E', 14), -- 'Номер', '2021-03-30'
       ('2fe4b172-bd82-4bff-b8ad-0d65b71ebc31', '0ab76721-e39a-40bf-8d9f-4b59d9e3961f', 1, '1be82623-c69c-4684-bd29-93a7757a4c9c', 6, 'fd3bb642-8fcb-4a1b-8d68-0010cad89e1a', 'F', 14), -- 'Дата выдачи', '2021-03-30'
       ('37ad2056-2d95-4d5b-8f29-31828da30335', '097a7f5d-4bd7-4c8e-9b03-86e710dbb441', 1, '1be82623-c69c-4684-bd29-93a7757a4c9c', 7, 'fd3bb642-8fcb-4a1b-8d68-0010cad89e1a', 'G', 14), -- 'Срок действия', '2021-03-30'
       ('9676e366-b089-45c1-a625-b9460dd32347', 'fb99ee77-d131-42f6-a2d8-0b5c1a7e2c06', 2, '37ad2056-2d95-4d5b-8f29-31828da30335', 7, 'fd3bb642-8fcb-4a1b-8d68-0010cad89e1a', 'G', 14), -- 'Дата начала', '2021-03-30'
       ('c5b8b65e-dfd9-42c5-b9d3-a8813a05931d', 'db349fb4-20ca-4ec7-bf22-57f52c67591b', 2, '37ad2056-2d95-4d5b-8f29-31828da30335', 8, 'fd3bb642-8fcb-4a1b-8d68-0010cad89e1a', 'H', 14), -- 'Дата окончания', '2021-03-30'
       ('f1d75417-8bab-4b44-b276-ba041994bac1', '87b7bb6b-1121-4042-b988-15b5870975e5', 0, null, 9, 'fd3bb642-8fcb-4a1b-8d68-0010cad89e1a', 'I', 14), -- 'Область действия', '2021-03-30'
       ('ab4a0b5c-5ee6-4675-bd8b-ff8122c7c869', '7ff635e5-9faa-4f7d-abb0-6be1bd9f5a95', 1, 'f1d75417-8bab-4b44-b276-ba041994bac1', 9, 'fd3bb642-8fcb-4a1b-8d68-0010cad89e1a', 'I', 14), -- 'Наименование (сертификата, заключения)', '2021-03-30'
       ('41700566-7e64-4137-9c6b-0723be9734dc', '5a05695c-13d2-4024-8d3b-299b903b8886', 1, 'f1d75417-8bab-4b44-b276-ba041994bac1', 10, 'fd3bb642-8fcb-4a1b-8d68-0010cad89e1a', 'J', 14), -- 'Объект сертификации (система менеджмента качества, продукция, технологический процесс, производство, система управления окружающей средой, система управления охраной труда, иное)', '2021-03-30'
       ('09a8fdc2-3c23-4833-9c5e-d5965b23cff2', '9634b828-49a3-4049-af62-eaafecc9ad9f', 1, 'f1d75417-8bab-4b44-b276-ba041994bac1', 11, 'fd3bb642-8fcb-4a1b-8d68-0010cad89e1a', 'K', 14), -- 'Системы менеджмента качества', '2021-03-30'
       ('2b0de6fd-2620-4ae6-8102-d7c364a6e1be', '8b6900d7-06dd-4f3e-ab79-af74247170a5', 2, '09a8fdc2-3c23-4833-9c5e-d5965b23cff2', 11, 'fd3bb642-8fcb-4a1b-8d68-0010cad89e1a', 'K', 14), -- 'По видам деятельности (разработка, производство, ремонт, утилизация)', '2021-03-30'
       ('62a94eac-9da7-447c-8640-49c2c41bcdf6', '75dbe1ad-0071-4a76-9488-f9a74d47a5a0', 2, '09a8fdc2-3c23-4833-9c5e-d5965b23cff2', 12, 'fd3bb642-8fcb-4a1b-8d68-0010cad89e1a', 'L', 14), -- 'По кодам ЕКПС', '2021-03-30'
       ('685a8152-f475-4abb-a915-c8c0f75d4110', '178e0a80-70a8-4b2f-975c-8bd8002598b4', 2, '09a8fdc2-3c23-4833-9c5e-d5965b23cff2', 13, 'fd3bb642-8fcb-4a1b-8d68-0010cad89e1a', 'M', 14), -- 'По кодам ОКП (по видам и типам продукции)', '2021-03-30'
       ('d757d0d2-20dd-4b02-84cc-90b946e31b4c', 'ac076d13-d0af-45b9-a012-fcbc90b3c7f6', 0, null, 14, 'fd3bb642-8fcb-4a1b-8d68-0010cad89e1a', 'N', 14), -- 'Реквизиты документа, которым соответствует  объект сертификации (наименование, обозначение ГОСТ, ТУ и так далее)', '2021-03-30'
       ('d831d36c-4c1b-4964-a7cd-98621fa003a2', 'e0efd2cd-f0b6-4b42-a249-87fe1c9b1e16', 0, null, 15, 'fd3bb642-8fcb-4a1b-8d68-0010cad89e1a', 'O', 14); -- 'Номер ВП, номер и дата согласования им сертификата, заключения', '2021-03-30'

INSERT INTO public.app_records(id, id_column_id, id_row_id, id_chapter_id)
VALUES ('33a8db28-4b02-46f4-8584-71929d12ee8e', '89dc736c-880c-4a91-85ad-b377ad8b9d7f', null, 'fd3bb642-8fcb-4a1b-8d68-0010cad89e1a'), -- '№ п.п.', '2021-03-30'
       ('fbf4fcca-7eab-4557-9211-e3bad752ad1b', '6a236196-4e5d-42c2-a22e-498700b731d9', null, 'fd3bb642-8fcb-4a1b-8d68-0010cad89e1a'), -- 'Орган по сертификации', '2021-03-30'
       ('99cefd75-468c-491d-8921-3d0f5aa3896c', 'bce20345-a7ad-4fd3-81ee-c8f24d6059c5', null, 'fd3bb642-8fcb-4a1b-8d68-0010cad89e1a'), -- 'Система сертификации', '2021-03-30'
       ('a3be964d-250a-412b-965f-f8b25d21c6d1', '704a286c-f461-40a0-876f-f9287ac21462', null, 'fd3bb642-8fcb-4a1b-8d68-0010cad89e1a'), -- 'Наименование, обозначение документа', '2021-03-30'
       ('bb39fd49-722f-41dd-aac0-3549ac797cbe', '2370433e-48a3-4983-b88e-5fabb00f6bd9', null, 'fd3bb642-8fcb-4a1b-8d68-0010cad89e1a'), -- 'Номер', '2021-03-30'
       ('ec859007-d110-4d68-b552-52b0ad50f8f6', '2fe4b172-bd82-4bff-b8ad-0d65b71ebc31', null, 'fd3bb642-8fcb-4a1b-8d68-0010cad89e1a'), -- 'Дата выдачи', '2021-03-30'
       ('ded0bd4c-4d5d-4806-800b-ac6aa1c95049', '9676e366-b089-45c1-a625-b9460dd32347', null, 'fd3bb642-8fcb-4a1b-8d68-0010cad89e1a'), -- 'Дата начала', '2021-03-30'
       ('103bdb1a-da4c-4d12-a601-3628466dff58', 'c5b8b65e-dfd9-42c5-b9d3-a8813a05931d', null, 'fd3bb642-8fcb-4a1b-8d68-0010cad89e1a'), -- 'Дата окончания', '2021-03-30'
       ('a1bdf484-7600-4f07-8677-5065a1223dd8', 'ab4a0b5c-5ee6-4675-bd8b-ff8122c7c869', null, 'fd3bb642-8fcb-4a1b-8d68-0010cad89e1a'), -- 'Наименование (сертификата, заключения)', '2021-03-30'
       ('885cf2d6-81a4-4264-88e1-67f29addf1b0', '41700566-7e64-4137-9c6b-0723be9734dc', null, 'fd3bb642-8fcb-4a1b-8d68-0010cad89e1a'), -- 'Объект сертификации (система менеджмента качества, продукция, технологический процесс, производство, система управления окружающей средой, система управления охраной труда, иное)', '2021-03-30'
       ('80681482-fdde-4160-907e-e4bb4eb14a23', '2b0de6fd-2620-4ae6-8102-d7c364a6e1be', null, 'fd3bb642-8fcb-4a1b-8d68-0010cad89e1a'), -- 'По видам деятельности (разработка, производство, ремонт, утилизация)', '2021-03-30'
       ('6678f24f-8749-4a0f-a000-31245ffa4ed6', '62a94eac-9da7-447c-8640-49c2c41bcdf6', null, 'fd3bb642-8fcb-4a1b-8d68-0010cad89e1a'), -- 'По кодам ЕКПС', '2021-03-30'
       ('0e8f0875-0cc3-4ba1-b709-f69e1ef8026e', '685a8152-f475-4abb-a915-c8c0f75d4110', null, 'fd3bb642-8fcb-4a1b-8d68-0010cad89e1a'), -- 'По кодам ОКП (по видам и типам продукции)', '2021-03-30'
       ('93c0d519-4d8c-4be3-92a2-3e58c4ba9a60', 'd757d0d2-20dd-4b02-84cc-90b946e31b4c', null, 'fd3bb642-8fcb-4a1b-8d68-0010cad89e1a'), -- 'Реквизиты документа, которым соответствует  объект сертификации (наименование, обозначение ГОСТ, ТУ и так далее)', '2021-03-30'
       ('72aa4cf5-aef7-41e9-9ec9-7dda766dad66', 'd831d36c-4c1b-4964-a7cd-98621fa003a2', null, 'fd3bb642-8fcb-4a1b-8d68-0010cad89e1a'); -- 'Номер ВП, номер и дата согласования им сертификата, заключения', '2021-03-30'

---------------------------------------- Сведения о корпоративном строительстве ----------------------------------------

-- Сведения о корпоративном строительстве -- Столбцы
-- Завершена
INSERT INTO public.app_header_data(id, name, actual_d)
VALUES ('f7fcb6ea-c352-4adc-b973-6c0e20115708', 'Код строки', '2021-03-30'),
       ('e0e6e372-3ce0-4080-aff1-cf3046bea36e', 'Показатель', '2021-03-30'),
       ('b1f89d4f-5468-483f-a649-aaa66c0aa916', 'Признак', '2021-03-30'),
       ('1726b943-cfe7-4881-87cf-9bd64f20fbc3', 'Утверждающий документ (Название, номер, дата)', '2021-03-30');

-- Сведения о корпоративном строительстве -- Строки
-- Завершена
INSERT INTO public.app_indicator_data(id, name, actual_d)
VALUES ('b17b3ae9-01ba-4e7e-a8b0-4cd7cea68710', 'Статус в составе интегрированной структуры', '2021-03-30'),
       ('dac1bb30-1105-491c-82e7-79b02d676722', 'Наличие документов корпоративного строительства', '2021-03-30'),
       ('4e0b492e-14cf-4242-8640-0cf0de4b10ae', 'корпоративная стратегия развития', '2021-03-30'),
       ('6a442dc2-e407-4e9f-95ea-0521750bdf16', 'долгосрочная и среднесрочная программы развития', '2021-03-30'),
       ('56f0a46f-1f5d-4309-82cc-bcd30b650591', 'программа инновационного развития', '2021-03-30'),
       ('79c85f09-8dbe-46bd-8f9a-9ed76823eaad', 'программа управления или отчуждения непрофильных активов', '2021-03-30'),
       ('53306fe9-b68e-44e7-b54f-2d38c2710832', 'программа реструктуризации и оптимизации производственных мощностей', '2021-03-30'),
       ('53fd5cb8-7f52-45a8-b6e7-b4bbac0331e7', 'система ключевых показателей эффективности ', '2021-03-30'),
       ('080462a0-c98c-4c28-a1ca-c6fadb5a91ed', 'положения и стандарты закупочной деятельности для всех организаций интегрированной структуры', '2021-03-30'),
       ('19491727-b85c-445a-8ca7-5490f02a78c4', 'положения о регламентации отношений головной компании и дочерних организаций', '2021-03-30'),
       ('288565ed-6515-4366-bb7d-81a980c1166e', 'Сведения о наличие положений:', '2021-03-30'),
       ('03bda757-a0fb-4d26-99b4-22f5ecfd9beb', 'о составах совета директоров (наблюдательного совета) и ревизионной комиссии акционерного общества', '2021-03-30'),
       ('2c5a317f-ade1-4b83-8fe2-f6d469d5e502', 'о центре корпоративного управления', '2021-03-30'),
       ('b16d9bf3-32f6-42dd-bd01-acb3ba613868', 'о специализированных комитетов при совете директоров (наблюдательном совете) акционерного общества', '2021-03-30'),
       ('6d7b0654-1bdd-4a63-a06d-281ffe544a41', 'о наличии независимых директоров', '2021-03-30'),
       ('55b4e090-97e7-480f-b190-a963ff0d25af', 'об исполнении головной компанией функций исполнительного органа в дочерних обществах', '2021-03-30'),
       ('2881fb42-3d9c-48b3-906f-954502e88896', 'Аффилированные лица', '2021-03-30'),
       ('b2cc9f8d-0b1f-4508-884d-81de68243dbd', 'из менеджмента и состава (группы) интегрированной структуры', '2021-03-30'),
       ('0408b598-4217-4dd2-a314-0d88397c23a6', 'акционеров головной организации и дочерних организаций интегрированной структуры', '2021-03-30');




-- Сведения о корпоративном строительстве -- Столбцы
-- Завершена
INSERT INTO public.app_columns(id, id_header_id, pos, id_code, id_chapter_id, direction)
VALUES ('a80a4f34-7863-4693-9bdb-b9837e1d4c58', 'f7fcb6ea-c352-4adc-b973-6c0e20115708', 0, 0, 'e3906981-2e13-4c35-a5f8-fd65d3211f31', 'A'), --  'Код строки', '2021-03-30'),
       ('a10273ba-6fc7-4d8e-a1e0-a14b49b1825c', 'e0e6e372-3ce0-4080-aff1-cf3046bea36e', 0, 0, 'e3906981-2e13-4c35-a5f8-fd65d3211f31', 'B'), --  'Показатель', '2021-03-30'),
       ('75cbdf40-baa1-431b-83e7-7d96a3956066', 'b1f89d4f-5468-483f-a649-aaa66c0aa916', 0, 0, 'e3906981-2e13-4c35-a5f8-fd65d3211f31', 'I'), --  'Признак', '2021-03-30'),
       ('6d87a7e4-de60-4ba8-a25a-a42c7e844f7a', '1726b943-cfe7-4881-87cf-9bd64f20fbc3', 0, 0, 'e3906981-2e13-4c35-a5f8-fd65d3211f31', 'J'); --  'Утверждающий документ (Название, номер, дата)', '2021-03-30');

-- Сведения о корпоративном строительстве -- Строки
-- Завершена
INSERT INTO public.app_rows(id, id_indicator_id, pos, is_define, id_code, id_chapter_id, direction)
VALUES ('fb87510b-6f99-444b-8743-2f49852a4b85', 'b17b3ae9-01ba-4e7e-a8b0-4cd7cea68710', 0, false, 101, 'e3906981-2e13-4c35-a5f8-fd65d3211f31', 11), -- 'Статус в составе интегрированной структуры', '2021-03-30'),
       ('584dbf28-d9af-456c-ba1b-f4127b091635', 'dac1bb30-1105-491c-82e7-79b02d676722', 0, true, -1, 'e3906981-2e13-4c35-a5f8-fd65d3211f31', 12), -- 'Наличие документов корпоративного строительства', '2021-03-30'),
       ('cb8ece4e-33ce-4dc9-9591-9d12e7d9b27a', '4e0b492e-14cf-4242-8640-0cf0de4b10ae', 0, false, 201, 'e3906981-2e13-4c35-a5f8-fd65d3211f31', 13), -- 'корпоративная стратегия развития', '2021-03-30'),
       ('c3f32e34-a7fc-4e7a-a89d-ed7d6b9762f1', '6a442dc2-e407-4e9f-95ea-0521750bdf16', 0, false, 202, 'e3906981-2e13-4c35-a5f8-fd65d3211f31', 14), -- 'долгосрочная и среднесрочная программы развития', '2021-03-30'),
       ('ba5aa509-cd92-4dae-89d4-c34411f72399', '56f0a46f-1f5d-4309-82cc-bcd30b650591', 0, false, 203, 'e3906981-2e13-4c35-a5f8-fd65d3211f31', 15), -- 'программа инновационного развития', '2021-03-30'),
       ('e198a858-a453-4e55-8950-2658a464dede', '79c85f09-8dbe-46bd-8f9a-9ed76823eaad', 0, false, 204, 'e3906981-2e13-4c35-a5f8-fd65d3211f31', 16), -- 'программа управления или отчуждения непрофильных активов', '2021-03-30'),
       ('383ebd2e-9502-487a-8240-694a59d87f3d', '53306fe9-b68e-44e7-b54f-2d38c2710832', 0, false, 205, 'e3906981-2e13-4c35-a5f8-fd65d3211f31', 17), -- 'программа реструктуризации и оптимизации производственных мощностей', '2021-03-30'),
       ('54c474f6-60b8-4f39-9b3f-fe23f26c8f71', '53fd5cb8-7f52-45a8-b6e7-b4bbac0331e7', 0, false, 206, 'e3906981-2e13-4c35-a5f8-fd65d3211f31', 18), -- 'система ключевых показателей эффективности ', '2021-03-30'),
       ('9d4cfde2-2bc9-4257-8df0-1e094960863f', '080462a0-c98c-4c28-a1ca-c6fadb5a91ed', 0, false, 207, 'e3906981-2e13-4c35-a5f8-fd65d3211f31', 19), -- 'положения и стандарты закупочной деятельности для всех организаций интегрированной структуры', '2021-03-30'),
       ('9a6d54d5-6aab-419e-b12f-1465d6bda793', '19491727-b85c-445a-8ca7-5490f02a78c4', 0, false, 208, 'e3906981-2e13-4c35-a5f8-fd65d3211f31', 20), -- 'положения о регламентации отношений головной компании и дочерних организаций', '2021-03-30'),
       ('b4a6a9a7-989d-4fa5-9835-7a259b81ce67', '288565ed-6515-4366-bb7d-81a980c1166e', 0, true, -1, 'e3906981-2e13-4c35-a5f8-fd65d3211f31', 21), -- 'Сведения о наличие положений:', '2021-03-30'),
       ('81031c6d-eb96-4591-88c8-6733898b2a2e', '03bda757-a0fb-4d26-99b4-22f5ecfd9beb', 0, false, 301, 'e3906981-2e13-4c35-a5f8-fd65d3211f31', 22), -- 'о составах совета директоров (наблюдательного совета) и ревизионной комиссии акционерного общества', '2021-03-30'),
       ('e04eae7f-3b84-440a-b30c-c4b468b3e220', '2c5a317f-ade1-4b83-8fe2-f6d469d5e502', 0, false, 302, 'e3906981-2e13-4c35-a5f8-fd65d3211f31', 23), -- 'о центре корпоративного управления', '2021-03-30'),
       ('074bc00d-174d-4d95-95fd-7e601f25c407', 'b16d9bf3-32f6-42dd-bd01-acb3ba613868', 0, false, 303, 'e3906981-2e13-4c35-a5f8-fd65d3211f31', 24), -- 'о специализированных комитетов при совете директоров (наблюдательном совете) акционерного общества', '2021-03-30'),
       ('a4c44811-2f74-4d0c-8014-5d27aa70f277', '6d7b0654-1bdd-4a63-a06d-281ffe544a41', 0, false, 304, 'e3906981-2e13-4c35-a5f8-fd65d3211f31', 25), -- 'о наличии независимых директоров', '2021-03-30'),
       ('ef9f21e6-7a5e-4ec5-9eb2-1d2b47fbc5fe', '55b4e090-97e7-480f-b190-a963ff0d25af', 0, false, 305, 'e3906981-2e13-4c35-a5f8-fd65d3211f31', 26), -- 'об исполнении головной компанией функций исполнительного органа в дочерних обществах', '2021-03-30'),
       ('b477f92c-5544-4f40-a11f-e282f1546a23', '2881fb42-3d9c-48b3-906f-954502e88896', 0, true, -1, 'e3906981-2e13-4c35-a5f8-fd65d3211f31', 27), -- 'Аффилированные лица', '2021-03-30'),
       ('e3aea87e-591a-438f-9cd7-c47d83f26a85', 'b2cc9f8d-0b1f-4508-884d-81de68243dbd', 0, false, 401, 'e3906981-2e13-4c35-a5f8-fd65d3211f31', 28), -- 'из менеджмента и состава (группы) интегрированной структуры', '2021-03-30'),
       ('4b9f71de-938c-404f-a055-0fa05fed1d8f', '0408b598-4217-4dd2-a314-0d88397c23a6', 0, false, 402, 'e3906981-2e13-4c35-a5f8-fd65d3211f31', 29); -- 'акционеров головной организации и дочерних организаций интегрированной структуры', '2021-03-30');

INSERT INTO public.app_records(id, id_column_id, id_row_id, id_chapter_id, icol)
VALUES ('87037f98-a4a8-4a14-b625-603c9bfd9b97', '75cbdf40-baa1-431b-83e7-7d96a3956066', 'fb87510b-6f99-444b-8743-2f49852a4b85', 'e3906981-2e13-4c35-a5f8-fd65d3211f31', 0),
       ('63f1d461-54a6-4f4e-b6af-8600ff287078', '75cbdf40-baa1-431b-83e7-7d96a3956066', 'cb8ece4e-33ce-4dc9-9591-9d12e7d9b27a', 'e3906981-2e13-4c35-a5f8-fd65d3211f31', 0),
       ('ad076c51-075e-45ea-9580-2dd3cf6359c4', '75cbdf40-baa1-431b-83e7-7d96a3956066', 'c3f32e34-a7fc-4e7a-a89d-ed7d6b9762f1', 'e3906981-2e13-4c35-a5f8-fd65d3211f31', 0),
       ('591a8ef8-7299-49c8-bc47-f51efcc4cddd', '75cbdf40-baa1-431b-83e7-7d96a3956066', 'ba5aa509-cd92-4dae-89d4-c34411f72399', 'e3906981-2e13-4c35-a5f8-fd65d3211f31', 0),
       ('b5644af5-9af4-47da-92ae-f78f0203160b', '75cbdf40-baa1-431b-83e7-7d96a3956066', 'e198a858-a453-4e55-8950-2658a464dede', 'e3906981-2e13-4c35-a5f8-fd65d3211f31', 0),
       ('9fac04ea-11c7-4a9c-8f32-03cbe0cfdc99', '75cbdf40-baa1-431b-83e7-7d96a3956066', '383ebd2e-9502-487a-8240-694a59d87f3d', 'e3906981-2e13-4c35-a5f8-fd65d3211f31', 0),
       ('454ca4c5-11f2-499c-a989-f63abe4d0b35', '75cbdf40-baa1-431b-83e7-7d96a3956066', '54c474f6-60b8-4f39-9b3f-fe23f26c8f71', 'e3906981-2e13-4c35-a5f8-fd65d3211f31', 0),
       ('c4c4da3c-118d-44a2-bd6b-e60a3d27b887', '75cbdf40-baa1-431b-83e7-7d96a3956066', '9d4cfde2-2bc9-4257-8df0-1e094960863f', 'e3906981-2e13-4c35-a5f8-fd65d3211f31', 0),
       ('5b42eab4-4ea6-412f-8bf0-e3f3fe7e220a', '75cbdf40-baa1-431b-83e7-7d96a3956066', '9a6d54d5-6aab-419e-b12f-1465d6bda793', 'e3906981-2e13-4c35-a5f8-fd65d3211f31', 0),
       ('e3483733-366b-4182-a378-d566122801f4', '75cbdf40-baa1-431b-83e7-7d96a3956066', '81031c6d-eb96-4591-88c8-6733898b2a2e', 'e3906981-2e13-4c35-a5f8-fd65d3211f31', 0),
       ('ca6c8f41-d080-4425-9be7-c91b89cbc11f', '75cbdf40-baa1-431b-83e7-7d96a3956066', 'e04eae7f-3b84-440a-b30c-c4b468b3e220', 'e3906981-2e13-4c35-a5f8-fd65d3211f31', 0),
       ('d9b5c19d-1726-435c-99c4-bf85ec2370af', '75cbdf40-baa1-431b-83e7-7d96a3956066', '074bc00d-174d-4d95-95fd-7e601f25c407', 'e3906981-2e13-4c35-a5f8-fd65d3211f31', 0),
       ('73ccee7c-3f75-4d13-a104-3aeb09ff8a46', '75cbdf40-baa1-431b-83e7-7d96a3956066', 'a4c44811-2f74-4d0c-8014-5d27aa70f277', 'e3906981-2e13-4c35-a5f8-fd65d3211f31', 0),
       ('7a6dad3a-26fd-495b-a8ae-2b695e0622a5', '75cbdf40-baa1-431b-83e7-7d96a3956066', 'ef9f21e6-7a5e-4ec5-9eb2-1d2b47fbc5fe', 'e3906981-2e13-4c35-a5f8-fd65d3211f31', 0),
       ('235084ac-1d13-4c31-9b4e-064ed96c10c8', '75cbdf40-baa1-431b-83e7-7d96a3956066', 'e3aea87e-591a-438f-9cd7-c47d83f26a85', 'e3906981-2e13-4c35-a5f8-fd65d3211f31', 0),
       ('b29b209b-02dd-4ac1-a687-6177bb06fe14', '75cbdf40-baa1-431b-83e7-7d96a3956066', '4b9f71de-938c-404f-a055-0fa05fed1d8f', 'e3906981-2e13-4c35-a5f8-fd65d3211f31', 0),

       ('5af4de83-4e9c-4cdf-b181-c164598dd18b', '6d87a7e4-de60-4ba8-a25a-a42c7e844f7a', 'fb87510b-6f99-444b-8743-2f49852a4b85', 'e3906981-2e13-4c35-a5f8-fd65d3211f31', 1),
       ('fcd8bbd9-5be9-4afa-8d52-1491aa4583d8', '6d87a7e4-de60-4ba8-a25a-a42c7e844f7a', 'cb8ece4e-33ce-4dc9-9591-9d12e7d9b27a', 'e3906981-2e13-4c35-a5f8-fd65d3211f31', 1),
       ('2c05cd27-9bf1-4c62-8c1e-35e411cbd359', '6d87a7e4-de60-4ba8-a25a-a42c7e844f7a', 'c3f32e34-a7fc-4e7a-a89d-ed7d6b9762f1', 'e3906981-2e13-4c35-a5f8-fd65d3211f31', 1),
       ('285c7680-5070-42cc-b4c0-7d8c80f585f1', '6d87a7e4-de60-4ba8-a25a-a42c7e844f7a', 'ba5aa509-cd92-4dae-89d4-c34411f72399', 'e3906981-2e13-4c35-a5f8-fd65d3211f31', 1),
       ('0d49976d-8590-4b72-b005-f834cfef7794', '6d87a7e4-de60-4ba8-a25a-a42c7e844f7a', 'e198a858-a453-4e55-8950-2658a464dede', 'e3906981-2e13-4c35-a5f8-fd65d3211f31', 1),
       ('37bb4eb2-8e86-466b-ad96-3377e3b5f619', '6d87a7e4-de60-4ba8-a25a-a42c7e844f7a', '383ebd2e-9502-487a-8240-694a59d87f3d', 'e3906981-2e13-4c35-a5f8-fd65d3211f31', 1),
       ('1d6796c8-2bf0-4d06-bcd8-a54553b2ca14', '6d87a7e4-de60-4ba8-a25a-a42c7e844f7a', '54c474f6-60b8-4f39-9b3f-fe23f26c8f71', 'e3906981-2e13-4c35-a5f8-fd65d3211f31', 1),
       ('bad847ec-dd6e-4c05-a773-1851e9366ccb', '6d87a7e4-de60-4ba8-a25a-a42c7e844f7a', '9d4cfde2-2bc9-4257-8df0-1e094960863f', 'e3906981-2e13-4c35-a5f8-fd65d3211f31', 1),
       ('0bcf3a3a-72cb-4564-b007-2f45feb86a15', '6d87a7e4-de60-4ba8-a25a-a42c7e844f7a', '9a6d54d5-6aab-419e-b12f-1465d6bda793', 'e3906981-2e13-4c35-a5f8-fd65d3211f31', 1),
       ('e43d73c3-af72-46b5-a28f-434aceda3f7a', '6d87a7e4-de60-4ba8-a25a-a42c7e844f7a', '81031c6d-eb96-4591-88c8-6733898b2a2e', 'e3906981-2e13-4c35-a5f8-fd65d3211f31', 1),
       ('daccd021-1115-48eb-be34-a51400246b34', '6d87a7e4-de60-4ba8-a25a-a42c7e844f7a', 'e04eae7f-3b84-440a-b30c-c4b468b3e220', 'e3906981-2e13-4c35-a5f8-fd65d3211f31', 1),
       ('9615db94-d983-4eb7-967f-0994258db26a', '6d87a7e4-de60-4ba8-a25a-a42c7e844f7a', '074bc00d-174d-4d95-95fd-7e601f25c407', 'e3906981-2e13-4c35-a5f8-fd65d3211f31', 1),
       ('0ae5daf7-1c3f-4ae9-a263-ec41ffbfe098', '6d87a7e4-de60-4ba8-a25a-a42c7e844f7a', 'a4c44811-2f74-4d0c-8014-5d27aa70f277', 'e3906981-2e13-4c35-a5f8-fd65d3211f31', 1),
       ('10d7f8d2-3938-40b4-8ff4-788ede3092d6', '6d87a7e4-de60-4ba8-a25a-a42c7e844f7a', 'ef9f21e6-7a5e-4ec5-9eb2-1d2b47fbc5fe', 'e3906981-2e13-4c35-a5f8-fd65d3211f31', 1),
       ('01757651-42c1-4e68-9086-a872cc0b8574', '6d87a7e4-de60-4ba8-a25a-a42c7e844f7a', 'e3aea87e-591a-438f-9cd7-c47d83f26a85', 'e3906981-2e13-4c35-a5f8-fd65d3211f31', 1),
       ('2ade22c9-729a-4ada-81c3-ddb566d8f307', '6d87a7e4-de60-4ba8-a25a-a42c7e844f7a', '4b9f71de-938c-404f-a055-0fa05fed1d8f', 'e3906981-2e13-4c35-a5f8-fd65d3211f31', 1);


------------------- Сведения об  имущественных правах акционеров (участников) организации (холдинга) -------------------


-- Сведения об  имущественных правах акционеров (участников) организации (холдинга) -- Столбцы
-- Завершена
INSERT INTO public.app_header_data(id, name, actual_d)
VALUES ('595c7e0c-e0c8-47fe-bb1e-63617d668167', '№ п.п.', '2021-03-30'),
       ('924a81e3-a739-4e17-8370-06d8ff464a9a', 'Наименование организации', '2021-03-30'),
       ('ecd6f185-0c38-4144-9854-2e6145106f27', 'ОКПО', '2021-03-30'),
       ('658b6c5a-6cb4-44b6-9e72-1d38499062bf', 'ОГРН', '2021-03-30'),
       ('eed49b43-1b53-4c61-9c2e-85c234764df5', 'ИНН', '2021-03-30'),
       ('3e36bf41-e7e6-40e5-8b21-c0be3725caa6', 'Город', '2021-03-30'),
       ('4f62a15c-acd2-4655-bb19-ede4eb314e4b', 'Акционер (участник)', '2021-03-30'),
       ('f6e66c61-91ed-4a18-b502-5f45684646f0', 'Имущественные права акционеров (участников) на начало и конец отчетного года', '2021-03-30'),
       ('a0651cce-44a0-40e2-b7bc-46bdc2f4c17b', 'Доля в капитале, %', '2021-03-30'),
       ('2e8a388b-2553-4dba-b880-e22e82035bb0', 'на 01 января', '2021-03-30'),
       ('3859e72b-0d2c-4c39-9926-eb81bdfbed10', 'на 31 декабря', '2021-03-30'),
       ('d8a1a2b5-ebd1-4cef-a19e-4c5d510d5e12', 'Доля голосующих акций, %', '2021-03-30'),
       ('1524e402-2c5b-4045-b6af-883c52fbecae', 'на 01 января', '2021-03-30'),
       ('89dcf89e-fd78-48f7-9dfe-fe741d8b5c26', 'на 31 декабря', '2021-03-30'),
       ('abcf0cca-0e6f-4b2d-84d9-53401ff42efc', 'Специальное право («золотая акция»)', '2021-03-30'),
       ('d0c372fc-d424-490a-8850-c3b99b21538d', 'на 01 января', '2021-03-30'),
       ('7da8a961-dc42-43ad-8f5f-5a2642f6ed9e', 'на 31 декабря', '2021-03-30');

-- Сведения об  имущественных правах акционеров (участников) организации (холдинга) -- Столбцы
-- Завершена
INSERT INTO public.app_columns(id, id_header_id, pos, id_parent, id_code, id_chapter_id, direction, startech)
VALUES ('df1ee3e1-dfd3-4ab5-beb3-36b46e967a94', '595c7e0c-e0c8-47fe-bb1e-63617d668167', 0, null, 1, 'bc1df445-4102-49d5-8f3f-947db9299e5e', 'A', 14), --  '№ п.п.', '2021-03-30'
       ('9056682b-2921-47e0-8f4b-09c85f2ee687', '924a81e3-a739-4e17-8370-06d8ff464a9a', 0, null, 2, 'bc1df445-4102-49d5-8f3f-947db9299e5e', 'B', 14), --  'Наименование организации', '2021-03-30'
       ('8542d487-d7d5-49e5-b2cb-1b2070fc6c21', 'ecd6f185-0c38-4144-9854-2e6145106f27', 0, null, 3, 'bc1df445-4102-49d5-8f3f-947db9299e5e', 'C', 14), --  'ОКПО', '2021-03-30'
       ('be8233ad-d508-431b-a41b-ff47030e29cb', '658b6c5a-6cb4-44b6-9e72-1d38499062bf', 0, null, 4, 'bc1df445-4102-49d5-8f3f-947db9299e5e', 'D', 14), --  'ОГРН', '2021-03-30'
       ('e3769441-09c0-45fd-8e05-d95061adb698', 'eed49b43-1b53-4c61-9c2e-85c234764df5', 0, null, 5, 'bc1df445-4102-49d5-8f3f-947db9299e5e', 'E', 14), --  'ИНН', '2021-03-30'
       ('121aa70f-f41d-41dd-9136-3ac1adca5d73', '3e36bf41-e7e6-40e5-8b21-c0be3725caa6', 0, null, 6, 'bc1df445-4102-49d5-8f3f-947db9299e5e', 'F', 14), --  'Город', '2021-03-30'
       ('1660bb9c-ed4b-46f0-9774-ceb62fe45590', '4f62a15c-acd2-4655-bb19-ede4eb314e4b', 0, null, 7, 'bc1df445-4102-49d5-8f3f-947db9299e5e', 'G', 14), --  'Акционер (участник)', '2021-03-30'
       ('6b9511b1-d5cd-4bef-8596-b4ac32178d36', 'f6e66c61-91ed-4a18-b502-5f45684646f0', 0, null, 8, 'bc1df445-4102-49d5-8f3f-947db9299e5e', 'H', 14), --  'Имущественные права акционеров (участников) на начало и конец отчетного года', '2021-03-30'
       ('66b3ec6d-c1b2-4be4-9fc3-820f526f3100', 'a0651cce-44a0-40e2-b7bc-46bdc2f4c17b', 1, '6b9511b1-d5cd-4bef-8596-b4ac32178d36', 8, 'bc1df445-4102-49d5-8f3f-947db9299e5e', 'H', 14), --  'Доля в капитале, %', '2021-03-30'
       ('8849b362-f2a5-4c83-a928-b695050977f7', '2e8a388b-2553-4dba-b880-e22e82035bb0', 2, '66b3ec6d-c1b2-4be4-9fc3-820f526f3100', 8, 'bc1df445-4102-49d5-8f3f-947db9299e5e', 'H', 14), --  'на 01 января', '2021-03-30'
       ('3282d625-6739-403a-83ed-5114b6a5e846', '3859e72b-0d2c-4c39-9926-eb81bdfbed10', 2, '66b3ec6d-c1b2-4be4-9fc3-820f526f3100', 9, 'bc1df445-4102-49d5-8f3f-947db9299e5e', 'I', 14), --  'на 31 декабря', '2021-03-30'
       ('17c5b538-13f4-48eb-9c4c-d22619cc2424', 'd8a1a2b5-ebd1-4cef-a19e-4c5d510d5e12', 1, '6b9511b1-d5cd-4bef-8596-b4ac32178d36', 10, 'bc1df445-4102-49d5-8f3f-947db9299e5e', 'J', 14), --  'Доля голосующих акций, %', '2021-03-30'
       ('b7d2319d-ee6b-4c71-84f7-d5bd21976556', '1524e402-2c5b-4045-b6af-883c52fbecae', 2, '17c5b538-13f4-48eb-9c4c-d22619cc2424', 10, 'bc1df445-4102-49d5-8f3f-947db9299e5e', 'J', 14), --  'на 01 января', '2021-03-30'
       ('4b496648-8aa8-47fe-9ca9-3d559b995658', '89dcf89e-fd78-48f7-9dfe-fe741d8b5c26', 2, '17c5b538-13f4-48eb-9c4c-d22619cc2424', 11, 'bc1df445-4102-49d5-8f3f-947db9299e5e', 'K', 14), --  'на 31 декабря', '2021-03-30'
       ('571c29f9-3d09-40b5-9506-8194d6ca5f90', 'abcf0cca-0e6f-4b2d-84d9-53401ff42efc', 1, '6b9511b1-d5cd-4bef-8596-b4ac32178d36', 12, 'bc1df445-4102-49d5-8f3f-947db9299e5e', 'L', 14), --  'Специальное право («золотая акция»)', '2021-03-30'
       ('09c1eda5-b8ba-48f8-8cf8-5af7fad93951', 'd0c372fc-d424-490a-8850-c3b99b21538d', 2, '571c29f9-3d09-40b5-9506-8194d6ca5f90', 12, 'bc1df445-4102-49d5-8f3f-947db9299e5e', 'L', 14), --  'на 01 января', '2021-03-30'
       ('4b94e594-f3fe-4bba-ac92-44026ee3783a', '7da8a961-dc42-43ad-8f5f-5a2642f6ed9e', 2, '571c29f9-3d09-40b5-9506-8194d6ca5f90', 13, 'bc1df445-4102-49d5-8f3f-947db9299e5e', 'M', 14); --  'на 31 декабря', '2021-03-30'

INSERT INTO public.app_records(id, id_column_id, id_row_id, id_chapter_id)
VALUES ('66656884-d859-4758-97f0-6de7be2f94ac', 'df1ee3e1-dfd3-4ab5-beb3-36b46e967a94', null, 'bc1df445-4102-49d5-8f3f-947db9299e5e'),
       ('2f1901a3-518f-4b65-87fb-a612107f4ee6', '9056682b-2921-47e0-8f4b-09c85f2ee687', null, 'bc1df445-4102-49d5-8f3f-947db9299e5e'),
       ('6155c561-2805-4981-a63c-53f9b5f0e3e0', '8542d487-d7d5-49e5-b2cb-1b2070fc6c21', null, 'bc1df445-4102-49d5-8f3f-947db9299e5e'),
       ('b5f1f448-793b-416a-8012-2cc0ddbac222', 'be8233ad-d508-431b-a41b-ff47030e29cb', null, 'bc1df445-4102-49d5-8f3f-947db9299e5e'),
       ('778b21e7-380d-49a0-afba-070a1db7b7f6', 'e3769441-09c0-45fd-8e05-d95061adb698', null, 'bc1df445-4102-49d5-8f3f-947db9299e5e'),
       ('761b48cd-711d-4f1d-93a5-62e39f41c9f3', '121aa70f-f41d-41dd-9136-3ac1adca5d73', null, 'bc1df445-4102-49d5-8f3f-947db9299e5e'),
       ('97ce406a-af22-4ec3-b706-c3077bf922e0', '1660bb9c-ed4b-46f0-9774-ceb62fe45590', null, 'bc1df445-4102-49d5-8f3f-947db9299e5e'),

       ('103d52c7-6cec-4c13-9f84-391891df5187', '8849b362-f2a5-4c83-a928-b695050977f7', null, 'bc1df445-4102-49d5-8f3f-947db9299e5e'),
       ('b57cbc01-694f-4c1f-91b1-d82b26ec5726', '3282d625-6739-403a-83ed-5114b6a5e846', null, 'bc1df445-4102-49d5-8f3f-947db9299e5e'),

       ('4762d7f7-4c42-4eca-9c88-6f9fa9255179', 'b7d2319d-ee6b-4c71-84f7-d5bd21976556', null, 'bc1df445-4102-49d5-8f3f-947db9299e5e'),
       ('c3a01446-3229-46b0-89f0-feceafab7349', '4b496648-8aa8-47fe-9ca9-3d559b995658', null, 'bc1df445-4102-49d5-8f3f-947db9299e5e'),

       ('54d207fb-b04f-4405-8b89-c4cb731fedaa', '09c1eda5-b8ba-48f8-8cf8-5af7fad93951', null, 'bc1df445-4102-49d5-8f3f-947db9299e5e'),
       ('6457d822-faf3-4a7a-9970-0627cf0283c4', '4b94e594-f3fe-4bba-ac92-44026ee3783a', null, 'bc1df445-4102-49d5-8f3f-947db9299e5e');

--------------------------------------- Сведения об участии в других организациях --------------------------------------

-- Сведения об участии в других организациях -- Столбцы
-- Завершена
INSERT INTO public.app_header_data(id, name, actual_d)
VALUES ('fd664b46-75e5-4cb3-9fb2-6607ee26b63b', '№ п.п.', '2021-03-30'),
       ('42115593-a98b-45d9-9936-9bfce73649ec', 'Наименование организации', '2021-03-30'),
       ('cc2cb4d8-9df8-4903-9b5d-ce1d2922cdaa', 'ОКПО', '2021-03-30'),
       ('44be816d-9a1a-4ded-ac0f-ed23313ed031', 'ОГРН', '2021-03-30'),
       ('36165629-b302-4716-b2fb-5835d03e4f61', 'ИНН', '2021-03-30'),
       ('f121d729-5bc8-43f1-9bf0-4334ed6c0c1a', 'Доля в уставном капитале, %', '2021-03-30'),
       ('f95c9fc1-f561-4b1d-be2b-5e92242bd0cd', 'на 01 января', '2021-03-30'),
       ('4f50c4b6-c189-4cae-afec-8dc225da1c5c', 'на 31 декабря', '2021-03-30'),
       ('cb3b5aa0-50ba-4a17-84e5-c6ec471f4f76', 'Доля голосующих акций, %', '2021-03-30'),
       ('032cc979-15da-4783-a6b4-9f4218812a40', 'на 01 января', '2021-03-30'),
       ('2ddf6206-30db-4fe6-aca6-8507ae40bf49', 'на 31 декабря', '2021-03-30'),
       ('753a94e7-3c6e-4ce0-9207-5cbf28516d51', 'Стоимость доли в уставном капитале, рублей', '2021-03-30'),
       ('e11dc662-fc26-4697-903e-1308820a7905', 'на 01 января', '2021-03-30'),
       ('f2cf5660-df70-4ac9-b5a7-7391986e6af3', 'на 31 декабря', '2021-03-30'),
       ('e18e130f-6320-4bfb-962b-5d32af65b4c0', 'Количество обыкновенных акций, шт.', '2021-03-30'),
       ('9ad0b063-56c0-435f-a5ae-a8eb8f696a99', 'на 01 января', '2021-03-30'),
       ('5a99007e-3d49-4c9a-af34-0de223cfde55', 'на 31 декабря', '2021-03-30'),
       ('0a98b011-2b3a-460b-b3b8-1d80300d7e66', 'Количество привилегированных акций, шт.', '2021-03-30'),
       ('d771f707-aa38-4ffe-8875-f28fe059c539', 'на 01 января', '2021-03-30'),
       ('96f43214-390c-4a05-9ac5-194242d67af9', 'на 31 декабря', '2021-03-30');

-- Сведения об участии в других организациях -- Столбцы
-- Завершена
INSERT INTO public.app_columns(id, id_header_id, pos, id_parent, id_code, id_chapter_id, direction, startech)
VALUES ('ece54bb7-115c-4b37-a0fc-3e7d3fc88eb2', 'fd664b46-75e5-4cb3-9fb2-6607ee26b63b', 0, null, 1, '0c26f59b-b400-4048-a339-4cc1a806680d', 'A', 13), --  '№ п.п.', '2021-03-30'
       ('3f2a1279-9a8d-40c6-a365-66dc75acef57', '42115593-a98b-45d9-9936-9bfce73649ec', 0, null, 2, '0c26f59b-b400-4048-a339-4cc1a806680d', 'B', 13), --  'Наименование организации', '2021-03-30'
       ('910626bd-e977-4671-b147-892e2e5c1ebf', 'cc2cb4d8-9df8-4903-9b5d-ce1d2922cdaa', 0, null, 3, '0c26f59b-b400-4048-a339-4cc1a806680d', 'C', 13), --  'ОКПО', '2021-03-30'
       ('9e872781-76c5-4e4f-8b45-7381acfd91cb', '44be816d-9a1a-4ded-ac0f-ed23313ed031', 0, null, 4, '0c26f59b-b400-4048-a339-4cc1a806680d', 'D', 13), --  'ОГРН', '2021-03-30'
       ('698f2497-17bf-4a17-b1c8-60bb1e489863', '36165629-b302-4716-b2fb-5835d03e4f61', 0, null, 5, '0c26f59b-b400-4048-a339-4cc1a806680d', 'E', 13), --  'ИНН', '2021-03-30'

       ('01d960b3-182c-4217-b5db-f5a971de63f0', 'f121d729-5bc8-43f1-9bf0-4334ed6c0c1a', 0, null, 6, '0c26f59b-b400-4048-a339-4cc1a806680d', 'F', 13), --  'Доля в уставном капитале, %', '2021-03-30'
       ('93246c81-5879-427a-8569-77054995ac06', 'f95c9fc1-f561-4b1d-be2b-5e92242bd0cd', 1, '01d960b3-182c-4217-b5db-f5a971de63f0', 6, '0c26f59b-b400-4048-a339-4cc1a806680d', 'F', 13), --  'на 01 января', '2021-03-30'
       ('9061bc27-41d4-4393-9985-1ee5aa0d1659', '4f50c4b6-c189-4cae-afec-8dc225da1c5c', 1, '01d960b3-182c-4217-b5db-f5a971de63f0', 7, '0c26f59b-b400-4048-a339-4cc1a806680d', 'G', 13), --  'на 31 декабря', '2021-03-30'
       ('b270a03a-c0ac-4c9b-80b1-b9ba886c1a52', 'cb3b5aa0-50ba-4a17-84e5-c6ec471f4f76', 0, null, 8, '0c26f59b-b400-4048-a339-4cc1a806680d', 'H', 13), --  'Доля голосующих акций, %', '2021-03-30'
       ('4dd6f610-1f36-4d5f-a7a0-e37b8aacd545', '032cc979-15da-4783-a6b4-9f4218812a40', 1, 'b270a03a-c0ac-4c9b-80b1-b9ba886c1a52', 8, '0c26f59b-b400-4048-a339-4cc1a806680d', 'H', 13), --  'на 01 января', '2021-03-30'
       ('3e7d0d84-622b-468e-a0cd-db9c89979d46', '2ddf6206-30db-4fe6-aca6-8507ae40bf49', 1, 'b270a03a-c0ac-4c9b-80b1-b9ba886c1a52', 9, '0c26f59b-b400-4048-a339-4cc1a806680d', 'I', 13), --  'на 31 декабря', '2021-03-30'
       ('9cf26659-f8a1-44c2-b7cd-fafbec4a3b32', '753a94e7-3c6e-4ce0-9207-5cbf28516d51', 0, null, 10, '0c26f59b-b400-4048-a339-4cc1a806680d', 'J', 13), --  'Стоимость доли в уставном капитале, рублей', '2021-03-30'
       ('2c71f46b-7ad6-4dfc-a471-ffdd375a0e7a', 'e11dc662-fc26-4697-903e-1308820a7905', 1, '9cf26659-f8a1-44c2-b7cd-fafbec4a3b32', 10, '0c26f59b-b400-4048-a339-4cc1a806680d', 'J', 13), --  'на 01 января', '2021-03-30'
       ('ba33c091-96e9-40ce-93d6-0c990aaeb381', 'f2cf5660-df70-4ac9-b5a7-7391986e6af3', 1, '9cf26659-f8a1-44c2-b7cd-fafbec4a3b32', 11, '0c26f59b-b400-4048-a339-4cc1a806680d', 'K', 13), --  'на 31 декабря', '2021-03-30'
       ('b929fa00-1f35-45fe-a01b-bb3ec3a0bbe1', 'e18e130f-6320-4bfb-962b-5d32af65b4c0', 0, null, 12, '0c26f59b-b400-4048-a339-4cc1a806680d', 'L', 13), --  'Количество обыкновенных акций, шт.', '2021-03-30'
       ('ad81afc4-ba26-43e2-b36f-84344da2d222', '9ad0b063-56c0-435f-a5ae-a8eb8f696a99', 1, 'b929fa00-1f35-45fe-a01b-bb3ec3a0bbe1', 12, '0c26f59b-b400-4048-a339-4cc1a806680d', 'L', 13), --  'на 01 января', '2021-03-30'
       ('592d68f3-5b3b-4cea-96b6-661217fb8835', '5a99007e-3d49-4c9a-af34-0de223cfde55', 1, 'b929fa00-1f35-45fe-a01b-bb3ec3a0bbe1', 13, '0c26f59b-b400-4048-a339-4cc1a806680d', 'M', 13), --  'на 31 декабря', '2021-03-30'
       ('2c3fd605-54df-4d54-983d-98e4ec878868', '0a98b011-2b3a-460b-b3b8-1d80300d7e66', 0, null, 14, '0c26f59b-b400-4048-a339-4cc1a806680d', 'N', 13), --  'Количество привилегированных акций, шт.', '2021-03-30'
       ('7d82b378-32e8-486c-aed0-e298cf9e7cc7', 'd771f707-aa38-4ffe-8875-f28fe059c539', 1, '2c3fd605-54df-4d54-983d-98e4ec878868', 14, '0c26f59b-b400-4048-a339-4cc1a806680d', 'N', 13), --  'на 01 января', '2021-03-30'
       ('a0605176-925a-4870-af47-aced5790420c', '96f43214-390c-4a05-9ac5-194242d67af9', 1, '2c3fd605-54df-4d54-983d-98e4ec878868', 15, '0c26f59b-b400-4048-a339-4cc1a806680d', 'O', 13); --  'на 31 декабря', '2021-03-30'

INSERT INTO public.app_records(id, id_column_id, id_row_id, id_chapter_id)
VALUES ('72fe786f-7d79-4fda-865d-0495abdc1c25', 'ece54bb7-115c-4b37-a0fc-3e7d3fc88eb2', null, '0c26f59b-b400-4048-a339-4cc1a806680d'),
       ('6bb0dddd-c43a-412f-a3cc-261ac24e126e', '3f2a1279-9a8d-40c6-a365-66dc75acef57', null, '0c26f59b-b400-4048-a339-4cc1a806680d'),
       ('3d88207e-3313-4e63-b1c9-e5b254457fd5', '910626bd-e977-4671-b147-892e2e5c1ebf', null, '0c26f59b-b400-4048-a339-4cc1a806680d'),
       ('e97ad5aa-7c39-470b-95e1-5970885d32cd', '9e872781-76c5-4e4f-8b45-7381acfd91cb', null, '0c26f59b-b400-4048-a339-4cc1a806680d'),
       ('69fae9d8-657f-429d-bd6d-81d9d3143782', '698f2497-17bf-4a17-b1c8-60bb1e489863', null, '0c26f59b-b400-4048-a339-4cc1a806680d'),

       ('e817dda4-416a-48c5-a099-149347197ebf', '93246c81-5879-427a-8569-77054995ac06', null, '0c26f59b-b400-4048-a339-4cc1a806680d'),
       ('2cf22ac2-5d11-4a96-ad27-5a15f1ebdbbe', '9061bc27-41d4-4393-9985-1ee5aa0d1659', null, '0c26f59b-b400-4048-a339-4cc1a806680d'),

       ('0893074b-368a-4e8e-bbe6-67ee346eaceb', '4dd6f610-1f36-4d5f-a7a0-e37b8aacd545', null, '0c26f59b-b400-4048-a339-4cc1a806680d'),
       ('bb796e00-3154-4497-b7ac-27baf5f51a98', '3e7d0d84-622b-468e-a0cd-db9c89979d46', null, '0c26f59b-b400-4048-a339-4cc1a806680d'),

       ('c91a0b91-7a99-4543-a674-53041a003b3b', '2c71f46b-7ad6-4dfc-a471-ffdd375a0e7a', null, '0c26f59b-b400-4048-a339-4cc1a806680d'),
       ('02f2a56d-3bd4-4d74-a9cf-a4594173544b', 'ba33c091-96e9-40ce-93d6-0c990aaeb381', null, '0c26f59b-b400-4048-a339-4cc1a806680d'),

       ('765a58c2-5873-4d70-a5e2-1e01a79e53ab', 'ad81afc4-ba26-43e2-b36f-84344da2d222', null, '0c26f59b-b400-4048-a339-4cc1a806680d'),
       ('1ed71e2d-fd1e-4859-868e-52466e88fc18', '592d68f3-5b3b-4cea-96b6-661217fb8835', null, '0c26f59b-b400-4048-a339-4cc1a806680d'),

       ('a3a7c6f4-0f2f-4ac5-86b7-1b4de8d607de', '7d82b378-32e8-486c-aed0-e298cf9e7cc7', null, '0c26f59b-b400-4048-a339-4cc1a806680d'),
       ('80764e00-6dbb-4c23-91c6-c433d1bab417', 'a0605176-925a-4870-af47-aced5790420c', null, '0c26f59b-b400-4048-a339-4cc1a806680d');

----------------------------------------- Сведения о совете директоров общества ----------------------------------------

-- Сведения о совете директоров общества -- Столбцы
-- Завершена
INSERT INTO public.app_header_data(id, name, actual_d)
VALUES ('81f3610f-9ed9-49d3-82eb-e4d1ecca006d', '№ п.п.', '2021-03-30'),
       ('2d13764b-109e-48a1-aaad-9035330cb291', 'Ф.И.О.', '2021-03-30'),
       ('0b6ac89a-d2e6-4fd7-aacd-238b0726137a', 'Должность', '2021-03-30'),
       ('2809d5de-b959-4505-bf02-789c811fc57a', 'Доля акций общества, %', '2021-03-30');

-- Сведения о совете директоров общества -- Столбцы
-- Завершена
INSERT INTO public.app_columns(id, id_header_id, pos, id_parent, id_code, id_chapter_id, direction, startech)
VALUES ('552824bb-8001-4e87-bf09-92ef6bb4c442', '81f3610f-9ed9-49d3-82eb-e4d1ecca006d', 0, null, 1, 'f223f2a3-fbd1-4a45-bf12-8614423888ab', 'A', 12),
       ('c3117da8-146a-46bb-bbca-b7809e6f8c1d', '2d13764b-109e-48a1-aaad-9035330cb291', 0, null, 2, 'f223f2a3-fbd1-4a45-bf12-8614423888ab', 'B', 12),
       ('b4a17d85-5ed2-4d10-98d0-89aca72c34d0', '0b6ac89a-d2e6-4fd7-aacd-238b0726137a', 0, null, 3, 'f223f2a3-fbd1-4a45-bf12-8614423888ab', 'C', 12),
       ('88ae6746-3102-4e23-940f-6a78d6da598d', '2809d5de-b959-4505-bf02-789c811fc57a', 0, null, 4, 'f223f2a3-fbd1-4a45-bf12-8614423888ab', 'D', 12);

INSERT INTO public.app_records(id, id_column_id, id_row_id, id_chapter_id)
VALUES ('9fd5b1a1-e67a-4d71-8ca2-cbef73b4c120', '552824bb-8001-4e87-bf09-92ef6bb4c442', null, 'f223f2a3-fbd1-4a45-bf12-8614423888ab'),
       ('a1a7825a-938c-4e11-b8f9-5b5d2b8ac429', 'c3117da8-146a-46bb-bbca-b7809e6f8c1d', null, 'f223f2a3-fbd1-4a45-bf12-8614423888ab'),
       ('61ea2d19-4d3d-4f7c-81ba-373721bb15da', 'b4a17d85-5ed2-4d10-98d0-89aca72c34d0', null, 'f223f2a3-fbd1-4a45-bf12-8614423888ab'),
       ('a79055ea-5a30-49ae-b8a5-25b02ae14ce3', '88ae6746-3102-4e23-940f-6a78d6da598d', null, 'f223f2a3-fbd1-4a45-bf12-8614423888ab');


