
\c dtest;


-- ============================================== Структура численности персонала и оплата труда =======================================================================

-- ('20e2cb4e-d040-49e7-b472-57eca5accc9c', '2d450370-322e-45f3-9927-8ff9ff96d18d', '5/1', 'Структура численности персонала и оплата труда'),



-- Структура численности персонала и оплата труда -- Столбцы
INSERT INTO public.app_header_data(id, name, actual_d)
VALUES ('4776f3f7-d527-4e0d-8a1c-1aa8aab66e37', 'Код строки', '2021-03-30'),
       ('bcc29d76-7914-40f1-91a5-03958107ebc7', 'Показатели', '2021-03-30'),
       ('45cdd109-0dc8-4567-bc13-2ebe83e94799', 'Численность всего, чел.', '2021-03-30'),
       ('f98aa704-ed82-462f-a585-a1fc8ab7309c', 'По возрастному составу, чел.:', '2021-03-30'),
       ('f0a456ca-c89f-4995-9e51-751ee47c97af', 'до 29 лет', '2021-03-30'),
       ('54a474a9-5ee3-4936-a6b6-94574ee55cec', 'от 30 до 34 лет', '2021-03-30'),
       ('1fb3b7e2-9892-4483-88a4-4f0c3da56779', 'от 35 до 39 лет', '2021-03-30'),
       ('1d67c03c-31f2-43fc-aa5a-3ad00d29d4ae', 'от 40 до 49 лет', '2021-03-30'),
       ('363d5aba-9dda-4daa-95b1-b359fc7c83c8', 'от 50 до 59 лет', '2021-03-30'),
       ('5e783f1c-0a79-4e0f-a2a1-31ee9384b495', 'от 60 лет и выше', '2021-03-30'),
       ('4eab9568-cf0e-4516-9eab-9d66cd68dd6e', 'Средний возраст работников, лет', '2021-03-30'),
       ('c5324b60-71b0-428c-8ce5-86d32263d71c', 'Принято работников, чел.:', '2021-03-30'),
       ('91ec4505-cba3-4e4d-9531-42a0a22066f4', 'Всего', '2021-03-30'),
       ('9ed44cf5-7cb4-4ab1-af82-32f80fbd031e', 'В рамках договора целевого обучения, в том числе:', '2021-03-30'),
       ('6bbcb7a0-b6ab-4149-a208-b7cabcab6d8c', 'из ВУЗов', '2021-03-30'),
       ('4948f862-b820-4c62-a1db-8756f4c7f729', 'из образовательных учреждений среднего профессионального образования', '2021-03-30'),
       ('0932b8ea-011a-407a-9051-0eda76ca2a1b', 'по направлению службы занятости', '2021-03-30'),
       ('9a75acf8-de69-423d-9d66-a8f449ab7b0a', 'по заявке рекрутинговым агентством', '2021-03-30'),
       ('f8b22ff0-da37-4141-8b3a-3a4b6b802f74', 'через портал «Работа в России»', '2021-03-30'),
       ('031011d6-1ba4-4ce9-8eeb-27208ee85530', 'Выбыло работников, чел.:', '2021-03-30'),
       ('6bacc2bd-0e4c-4267-86fb-13981a7ad46e', 'Всего', '2021-03-30'),
       ('37a7d784-acb1-4a00-b72e-fe41eaf898f8', 'В том числе на основании:', '2021-03-30'),
       ('d75f03e8-8396-477f-93b2-f114b279b0be', 'нарушения трудовой дисциплины', '2021-03-30'),
       ('497c31cc-91b9-4506-9250-12dfa0f1c88c', 'по собственному желанию', '2021-03-30'),

       ('6e61ed35-b110-44b0-9758-5a9db74ba179', ' по сокращению штатов', '2021-03-30'),
       ('e6d0b017-3ddc-41cd-94e0-5daba7622780', 'по соглашению сторон', '2021-03-30'),
       ('eca6f455-b0cd-4d4f-bd38-ad62c54a3a80', 'по другим основаниям', '2021-03-30'),
       ('2c35231e-1856-4847-ae53-28d7de52ad32', 'Среднемесячная заработная плата, тыс. руб.', '2021-03-30'),
       ('b9682575-c8c6-4024-97ac-399939df6e93', 'Фонд заработной платы, тыс. руб.', '2021-03-30'),
       ('a14f7b2f-2879-486d-aeb2-4557a412fd79', 'Примечания', '2021-03-30');

-- Структура численности персонала и оплата труда -- Строки
INSERT INTO public.app_indicator_data(id, name, actual_d)
VALUES ('e90b4fb0-ff26-4562-8cd5-6909276a8459', 'ВСЕ РАБОТНИКИ (среднее значение списочной численности без совместителей и работников несписочного состава), в том числе:', '2021-03-30'),
       ('2378f0f7-0921-4dda-b981-9eece1898edb', 'ПРОМЫШЛЕННО-ПРОИЗВОДСТВЕННЫЕ И НАУЧНЫЕ РАБОТНИКИ:', '2021-03-30'),
       ('3467ba8c-db8b-40b4-8cac-00d2a2937cb9', 'Рабочие, всего: в том числе:', '2021-03-30'),
       ('85b082ce-db31-40f8-a6ec-9e9c3f63cb42', 'основные производственные рабочие', '2021-03-30'),
       ('f3eac0c3-c042-42a7-895f-4f64244d33b8', 'рабочие вспомогательных производств', '2021-03-30'),
       ('7595c7bb-c30e-45e1-b296-b359f81d737b', 'Из строки 1110: рабочие со средним профессиональным образованием', '2021-03-30'),
       ('21191489-72ee-45f9-99ce-be1266f18f3d', 'Инженеры, технические, научные работники, разработчики и специалисты, всего: в том числе:', '2021-03-30'),
       ('ffd4a2bf-abeb-4107-bf47-a0394bf9c9ee', 'инженерно-технические работники', '2021-03-30'),
       ('6170b26e-614d-43ed-bef7-7184eb6866c8', 'разработчики и научные работники', '2021-03-30'),
       ('779a6869-e313-42b5-ac83-a37f45fabcb1', 'специалисты основного производства', '2021-03-30'),
       ('84460ddf-3550-4772-82cc-bf8927ec6fe5', 'прочие', '2021-03-30'),
       ('872af958-bbf2-4279-85e3-c5151249a678', 'Из строки 1120: специалисты со средним уровнем образования', '2021-03-30'),
       ('a1049119-cc42-4126-bde3-0ca69c83ecac', 'Из строки 1120: специалисты с высшим уровнем образования', '2021-03-30'),
       ('9e43f128-9218-4597-ac09-d66966f83439', 'Вспомогательные и обслуживающие производственную и научную деятельность работники, в том числе:', '2021-03-30'),
       ('929e9600-bc74-400f-bc97-1b8f7acc541f', 'работники со средним профессиональным образованием', '2021-03-30'),
       ('d8344894-b5be-4d5a-becf-8a982240e2f0', 'АДМИНИСТРАТИВНО-УПРАВЛЕНЧЕСКИЕ РАБОТНИКИ, в том числе:', '2021-03-30'),
       ('f6efee5f-f278-482b-9e7a-7c77f148a960', 'Руководители', '2021-03-30'),
       ('e10b83a7-b057-4c00-b232-da08c78ce0cf', 'Административный персонал', '2021-03-30'),
       ('34bc0ef6-6ed6-4d92-913e-e1dca71dccb2', 'Хозяйственный персонал', '2021-03-30'),
       ('266c7d4c-f9d3-46eb-851a-d75f8ec01e46', 'НЕПРОМЫШЛЕННЫЙ ПЕРСОНАЛ', '2021-03-30'),
       ('5352713c-efb9-46cc-871f-2c546b2c2cec', 'Работники имеющие ученую степень', '2021-03-30');

-- Структура численности персонала и оплата труда -- Столбцы
INSERT INTO public.app_columns(id, id_header_id, pos, id_parent, id_code, id_chapter_id)
VALUES ('94cb7514-f1a3-433b-8f9c-c55caa1b4150', '4776f3f7-d527-4e0d-8a1c-1aa8aab66e37', 0, null, 1, '20e2cb4e-d040-49e7-b472-57eca5accc9c'), --  'Код строки', '2021-03-30'),
       ('7112e72e-c51c-4357-aaac-aa100d366e92', 'bcc29d76-7914-40f1-91a5-03958107ebc7', 0, null, 2, '20e2cb4e-d040-49e7-b472-57eca5accc9c'), --  'Показатели', '2021-03-30'),
       ('3f208010-4b85-425c-bc5c-941d766a0a91', '45cdd109-0dc8-4567-bc13-2ebe83e94799', 0, null, 3, '20e2cb4e-d040-49e7-b472-57eca5accc9c'), --  'Численность всего, чел.', '2021-03-30'),
       ('8a67ed39-b4ab-4410-881c-228450ae9cbc', 'f98aa704-ed82-462f-a585-a1fc8ab7309c', 0, null, 4, '20e2cb4e-d040-49e7-b472-57eca5accc9c'), --  'По возрастному составу, чел.:', '2021-03-30'),
       ('fe1fdd48-1d00-4623-9d55-cb1d8c704ccf', 'f0a456ca-c89f-4995-9e51-751ee47c97af', 1, '8a67ed39-b4ab-4410-881c-228450ae9cbc', 4, '20e2cb4e-d040-49e7-b472-57eca5accc9c'), --  'до 29 лет', '2021-03-30'),
       ('cd069f4e-a772-40bd-a8be-a19551612cca', '54a474a9-5ee3-4936-a6b6-94574ee55cec', 1, '8a67ed39-b4ab-4410-881c-228450ae9cbc', 5, '20e2cb4e-d040-49e7-b472-57eca5accc9c'), --  'от 30 до 34 лет', '2021-03-30'),
       ('a67e1db0-eea8-42c5-b358-2459204b5f28', '1fb3b7e2-9892-4483-88a4-4f0c3da56779', 1, '8a67ed39-b4ab-4410-881c-228450ae9cbc', 6, '20e2cb4e-d040-49e7-b472-57eca5accc9c'), --  'от 35 до 39 лет', '2021-03-30'),
       ('2f0a9330-0f44-4f7e-9dec-832a19323bc2', '1d67c03c-31f2-43fc-aa5a-3ad00d29d4ae', 1, '8a67ed39-b4ab-4410-881c-228450ae9cbc', 7, '20e2cb4e-d040-49e7-b472-57eca5accc9c'), --  'от 40 до 49 лет', '2021-03-30'),
       ('904083bd-1a10-4093-9096-05b7a6258a09', '363d5aba-9dda-4daa-95b1-b359fc7c83c8', 1, '8a67ed39-b4ab-4410-881c-228450ae9cbc', 8, '20e2cb4e-d040-49e7-b472-57eca5accc9c'), --  'от 50 до 59 лет', '2021-03-30'),
       ('4fb464a0-0b7b-4c5b-9f02-9fd0cbee6a09', '5e783f1c-0a79-4e0f-a2a1-31ee9384b495', 1, '8a67ed39-b4ab-4410-881c-228450ae9cbc', 9, '20e2cb4e-d040-49e7-b472-57eca5accc9c'), --  'от 60 лет и выше', '2021-03-30'),
       ('9ff6fa40-5555-42b2-9840-2e71ebde3362', '4eab9568-cf0e-4516-9eab-9d66cd68dd6e', 0, null, 10, '20e2cb4e-d040-49e7-b472-57eca5accc9c'), --  'Средний возраст работников, лет', '2021-03-30'),
       ('6a15d710-64fb-45b3-91fe-4fd231923608', 'c5324b60-71b0-428c-8ce5-86d32263d71c', 0, null, 11, '20e2cb4e-d040-49e7-b472-57eca5accc9c'), --  'Принято работников, чел.:', '2021-03-30'),
       ('1dc5f2d5-6fb0-4aa6-9473-0392712dfdec', '91ec4505-cba3-4e4d-9531-42a0a22066f4', 1, '6a15d710-64fb-45b3-91fe-4fd231923608', 11, '20e2cb4e-d040-49e7-b472-57eca5accc9c'), --  'Всего', '2021-03-30'),
       ('5642cf0d-9283-4f67-a966-29c60415f07a', '9ed44cf5-7cb4-4ab1-af82-32f80fbd031e', 1, '6a15d710-64fb-45b3-91fe-4fd231923608', 12, '20e2cb4e-d040-49e7-b472-57eca5accc9c'), --  'В рамках договора целевого обучения, в том числе:', '2021-03-30'),
       ('90ef409f-9c02-42b2-8102-89ad2a661f32', '6bbcb7a0-b6ab-4149-a208-b7cabcab6d8c', 2, '5642cf0d-9283-4f67-a966-29c60415f07a', 12, '20e2cb4e-d040-49e7-b472-57eca5accc9c'), --  'из ВУЗов', '2021-03-30'),
       ('d9098a57-a501-4b04-9af0-fd1a9765f4e4', '4948f862-b820-4c62-a1db-8756f4c7f729', 2, '5642cf0d-9283-4f67-a966-29c60415f07a', 13, '20e2cb4e-d040-49e7-b472-57eca5accc9c'), --  'из образовательных учреждений среднего профессионального образования', '2021-03-30'),
       ('e2c71efc-b7dd-4794-b5b3-54d3a5f598a0', '0932b8ea-011a-407a-9051-0eda76ca2a1b', 1, '6a15d710-64fb-45b3-91fe-4fd231923608', 14, '20e2cb4e-d040-49e7-b472-57eca5accc9c'), --  'по направлению службы занятости', '2021-03-30'),
       ('da6328ee-14b5-4ea0-b699-8139e5c2b4db', '9a75acf8-de69-423d-9d66-a8f449ab7b0a', 1, '6a15d710-64fb-45b3-91fe-4fd231923608', 15, '20e2cb4e-d040-49e7-b472-57eca5accc9c'), --  'по заявке рекрутинговым агентством', '2021-03-30'),
       ('1a56d57b-e13c-4b60-bc79-46b42220c46c', 'f8b22ff0-da37-4141-8b3a-3a4b6b802f74', 1, '6a15d710-64fb-45b3-91fe-4fd231923608', 16, '20e2cb4e-d040-49e7-b472-57eca5accc9c'), --  'через портал «Работа в России»', '2021-03-30'),
       ('497cf233-9106-4f64-a3f9-78ba57114da1', '031011d6-1ba4-4ce9-8eeb-27208ee85530', 0, null, 17, '20e2cb4e-d040-49e7-b472-57eca5accc9c'), --  'Выбыло работников, чел.:', '2021-03-30'),
       ('bc06bfad-1d01-4b54-ae5f-c1e2b895a197', '6bacc2bd-0e4c-4267-86fb-13981a7ad46e', 1, '497cf233-9106-4f64-a3f9-78ba57114da1', 17, '20e2cb4e-d040-49e7-b472-57eca5accc9c'), --  'Всего', '2021-03-30'),
       ('613d0dea-141d-4cc7-86e3-5ff91f07037d', '37a7d784-acb1-4a00-b72e-fe41eaf898f8', 1, '497cf233-9106-4f64-a3f9-78ba57114da1', 18, '20e2cb4e-d040-49e7-b472-57eca5accc9c'), --  'В том числе на основании:', '2021-03-30'),
       ('d0a7d445-f918-499f-b4dd-bb16dc5f3ce0', 'd75f03e8-8396-477f-93b2-f114b279b0be', 2, '613d0dea-141d-4cc7-86e3-5ff91f07037d', 18, '20e2cb4e-d040-49e7-b472-57eca5accc9c'), --  'нарушения трудовой дисциплины', '2021-03-30'),
       ('16748978-a042-4b69-8553-2c5205938857', '497c31cc-91b9-4506-9250-12dfa0f1c88c', 2, '613d0dea-141d-4cc7-86e3-5ff91f07037d', 19, '20e2cb4e-d040-49e7-b472-57eca5accc9c'), --  'по собственному желанию', '2021-03-30'),
       ('d540792a-b3eb-4d39-bca6-c6986762a392', '6e61ed35-b110-44b0-9758-5a9db74ba179', 2, '613d0dea-141d-4cc7-86e3-5ff91f07037d', 20, '20e2cb4e-d040-49e7-b472-57eca5accc9c'), --  ' по сокращению штатов', '2021-03-30'),
       ('fe69a354-7543-434e-ac45-da7b9be1f7e2', 'e6d0b017-3ddc-41cd-94e0-5daba7622780', 2, '613d0dea-141d-4cc7-86e3-5ff91f07037d', 21, '20e2cb4e-d040-49e7-b472-57eca5accc9c'), --  'по соглашению сторон', '2021-03-30'),
       ('47a0a61b-46b3-413e-8d9f-a093c078eeb7', 'eca6f455-b0cd-4d4f-bd38-ad62c54a3a80', 2, '613d0dea-141d-4cc7-86e3-5ff91f07037d', 22, '20e2cb4e-d040-49e7-b472-57eca5accc9c'), --  'по другим основаниям', '2021-03-30'),
       ('e1b5b01c-1a58-4881-8216-463e8d6709e8', '2c35231e-1856-4847-ae53-28d7de52ad32', 0, null, 23, '20e2cb4e-d040-49e7-b472-57eca5accc9c'), --  'Среднемесячная заработная плата, тыс. руб.', '2021-03-30'),
       ('79f25198-f239-4dbb-baea-502b496332b3', 'b9682575-c8c6-4024-97ac-399939df6e93', 0, null, 24, '20e2cb4e-d040-49e7-b472-57eca5accc9c'), --  'Фонд заработной платы, тыс. руб.', '2021-03-30'),
       ('faee73db-640e-4a7a-ad63-425755277783', 'a14f7b2f-2879-486d-aeb2-4557a412fd79', 0, null, 25, '20e2cb4e-d040-49e7-b472-57eca5accc9c'); --  'Примечания', '2021-03-30');


-- Структура численности персонала и оплата труда -- Строки
INSERT INTO public.app_rows(id, id_indicator_id, pos, id_parent, id_code, id_chapter_id)
VALUES ('245f8d8d-9233-4040-a678-303f4af826d2', 'e90b4fb0-ff26-4562-8cd5-6909276a8459', 0, null, 1000, '20e2cb4e-d040-49e7-b472-57eca5accc9c'), --  'ВСЕ РАБОТНИКИ (среднее значение списочной численности без совместителей и работников несписочного состава), в том числе:', '2021-03-30'),
       ('9415b4f5-867a-477f-bc07-740772e0f2e4', '2378f0f7-0921-4dda-b981-9eece1898edb', 0, null, 1100, '20e2cb4e-d040-49e7-b472-57eca5accc9c'), --  'ПРОМЫШЛЕННО-ПРОИЗВОДСТВЕННЫЕ И НАУЧНЫЕ РАБОТНИКИ:', '2021-03-30'),
       ('c75f918a-0867-42b9-ade4-96b9c0d3c4a0', '3467ba8c-db8b-40b4-8cac-00d2a2937cb9', 0, null, 1110, '20e2cb4e-d040-49e7-b472-57eca5accc9c'), --  'Рабочие, всего: в том числе:', '2021-03-30'),
       ('df0d9efc-8b64-4ea0-8523-dbfb6d7aa50b', '85b082ce-db31-40f8-a6ec-9e9c3f63cb42', 0, null, 1111, '20e2cb4e-d040-49e7-b472-57eca5accc9c'), --  'основные производственные рабочие', '2021-03-30'),
       ('35470db2-964e-4ff7-a14f-817bd7435db1', 'f3eac0c3-c042-42a7-895f-4f64244d33b8', 0, null, 1112, '20e2cb4e-d040-49e7-b472-57eca5accc9c'), --  'рабочие вспомогательных производств', '2021-03-30'),
       ('5ef2f785-a38c-4fcb-a48b-049792340f6c', '7595c7bb-c30e-45e1-b296-b359f81d737b', 0, null, 1113, '20e2cb4e-d040-49e7-b472-57eca5accc9c'), --  'Из строки 1110: рабочие со средним профессиональным образованием', '2021-03-30'),
       ('18c6ced0-f0d1-4059-ad84-1de8a54784f2', '21191489-72ee-45f9-99ce-be1266f18f3d', 0, null, 1120, '20e2cb4e-d040-49e7-b472-57eca5accc9c'), --  'Инженеры, технические, научные работники, разработчики и специалисты, всего: в том числе:', '2021-03-30'),
       ('4119e64e-145e-4f12-b3f1-668bfda95c4b', 'ffd4a2bf-abeb-4107-bf47-a0394bf9c9ee', 0, null, 1121, '20e2cb4e-d040-49e7-b472-57eca5accc9c'), --  'инженерно-технические работники', '2021-03-30'),
       ('17034448-73e4-4867-b955-33bc21a4eb19', '6170b26e-614d-43ed-bef7-7184eb6866c8', 0, null, 1122, '20e2cb4e-d040-49e7-b472-57eca5accc9c'), --  'разработчики и научные работники', '2021-03-30'),
       ('4211a929-5d7c-45e9-9d81-c701a4a155bd', '779a6869-e313-42b5-ac83-a37f45fabcb1', 0, null, 1123, '20e2cb4e-d040-49e7-b472-57eca5accc9c'), --  'специалисты основного производства', '2021-03-30'),
       ('d6b8abef-54a6-49be-8f5e-23ce6cbf190a', '84460ddf-3550-4772-82cc-bf8927ec6fe5', 0, null, 1124, '20e2cb4e-d040-49e7-b472-57eca5accc9c'), --  'прочие', '2021-03-30'),
       ('228ef771-6538-4a6f-bd61-46096078f796', '872af958-bbf2-4279-85e3-c5151249a678', 0, null, 1125, '20e2cb4e-d040-49e7-b472-57eca5accc9c'), --  'Из строки 1120: специалисты со средним уровнем образования', '2021-03-30'),
       ('70012b4c-88a1-415d-8270-49867015bb86', 'a1049119-cc42-4126-bde3-0ca69c83ecac', 0, null, 1126, '20e2cb4e-d040-49e7-b472-57eca5accc9c'), --  'Из строки 1120: специалисты с высшим уровнем образования', '2021-03-30'),
       ('6a5a63d9-daf6-4221-8cb6-b22845ee855d', '9e43f128-9218-4597-ac09-d66966f83439', 0, null, 1130, '20e2cb4e-d040-49e7-b472-57eca5accc9c'), --  'Вспомогательные и обслуживающие производственную и научную деятельность работники, в том числе:', '2021-03-30'),
       ('b879766b-80e6-4450-8bc8-07637d00e923', '929e9600-bc74-400f-bc97-1b8f7acc541f', 0, null, 1131, '20e2cb4e-d040-49e7-b472-57eca5accc9c'), --  'работники со средним профессиональным образованием', '2021-03-30'),
       ('680cb19e-641b-4eb8-a47b-57c374258c3f', 'd8344894-b5be-4d5a-becf-8a982240e2f0', 0, null, 1200, '20e2cb4e-d040-49e7-b472-57eca5accc9c'), --  'АДМИНИСТРАТИВНО-УПРАВЛЕНЧЕСКИЕ РАБОТНИКИ, в том числе:', '2021-03-30'),
       ('497c7bb5-0d17-4184-92a2-c70bb28733a7', 'f6efee5f-f278-482b-9e7a-7c77f148a960', 0, null, 1201, '20e2cb4e-d040-49e7-b472-57eca5accc9c'), --  'Руководители', '2021-03-30'),
       ('5306599c-2c88-4329-958e-28144c4cc884', 'e10b83a7-b057-4c00-b232-da08c78ce0cf', 0, null, 1202, '20e2cb4e-d040-49e7-b472-57eca5accc9c'), --  'Административный персонал', '2021-03-30'),
       ('910c5bbb-58bd-4044-b82f-b1300d98519f', '34bc0ef6-6ed6-4d92-913e-e1dca71dccb2', 0, null, 1003, '20e2cb4e-d040-49e7-b472-57eca5accc9c'), --  'Хозяйственный персонал', '2021-03-30'),
       ('cc559435-8be9-4b8c-9403-489e0384dae4', '266c7d4c-f9d3-46eb-851a-d75f8ec01e46', 0, null, 1300, '20e2cb4e-d040-49e7-b472-57eca5accc9c'), --  'НЕПРОМЫШЛЕННЫЙ ПЕРСОНАЛ', '2021-03-30'),
       ('1c2f4d33-b8cb-45c7-af88-18a4f83afe7b', '5352713c-efb9-46cc-871f-2c546b2c2cec', 0, null, 2000, '20e2cb4e-d040-49e7-b472-57eca5accc9c'); --  'Работники имеющие ученую степень', '2021-03-30');


-- =====================================================================================================================

-- ('eb47f3a1-2ca3-4e48-befa-cb89f45deabf', '2d450370-322e-45f3-9927-8ff9ff96d18d', '5/3', 'Сведения о повышении квалификации и переподготовке руководителей и служащих'),



-- Сведения о повышении квалификации и переподготовке руководителей и служащих -- Столбцы
INSERT INTO public.app_header_data(id, name, actual_d)
VALUES ('a52db439-9702-4d7c-a511-f93e1b903674', 'Код строки', '2021-03-30'),
       ('eb5be32f-71d4-4066-807a-b2d4ef481532', 'Показатель', '2021-03-30'),
       ('0e93c906-9a7e-47ae-9573-29fef1948d76', 'Обучено за отчетный год', '2021-03-30'),
       ('4c215ad6-9c78-41b4-8cfc-5b6075163587', 'Всего', '2021-03-30'),
       ('62afa577-02ec-4385-ab5e-e4c7fdb2cefc', 'Руководителей', '2021-03-30'),
       ('b84187a0-a49e-41a1-a90c-bd4d7fcab980', 'Специалистов', '2021-03-30'),
       ('3ffe8a91-f063-4c88-91e9-8de3cf7c4bd9', 'Др. служащих', '2021-03-30');


-- Сведения о повышении квалификации и переподготовке руководителей и служащих -- Строки
INSERT INTO public.app_indicator_data(id, name, actual_d)
VALUES ('5ecdde41-c54a-4fd9-93e6-6ee1660aedfa', 'Повысили квалификацию (срок освоения программы не менее 16 часов), всего, в том числе:', '2021-03-30'),
       ('02955d8c-ffea-429e-af1f-f78f327c903e', 'в образовательных организациях высшего образования', '2021-03-30'),
       ('c80d3837-2bb6-4685-8605-93f494107948', 'в организация дополнительного профессионального образования', '2021-03-30'),
       ('1521df4d-e83e-42ea-bf45-5d93459e607b', 'Прошли профессиональную переподготовку (срок освоения программы не менее 250 часов), всего, в том числе:', '2021-03-30'),
       ('271cd4d5-749c-45bd-a429-89770d106606', 'в образовательных организациях высшего образования по программам профессиональной переподготовки, реализуемых или разработанных  в рамках основных образовательных программ', '2021-03-30'),
       ('0e17553c-349a-4a49-86a5-a6290af8d970', 'в образовательных организациях высшего образования по иным программам профессиональной переподготовки', '2021-03-30'),
       ('b61b99cb-7249-4ffa-b409-ae315a04e914', 'в организация дополнительного профессионального образования', '2021-03-30'),
       ('6a6fc581-1844-4610-9674-f9db10bf474d', 'Прошли обучение:', '2021-03-30'),
       ('16bf84a7-6d5d-4589-bb06-659c621265af', 'в связи с созданием нового производства', '2021-03-30'),
       ('afe03536-51a7-402d-9e87-dbda3b7f092f', 'в связи с высвобождением', '2021-03-30'),
       ('bc533cde-41e7-464f-95c3-94d99266e29c', 'за рубежом', '2021-03-30'),
       ('2509f5bb-9a10-4f96-bb7a-b36cf0eac3a6', 'работники в возрасте до 35 лет', '2021-03-30');

-- Структура численности персонала и оплата труда -- Столбцы
INSERT INTO public.app_columns(id, id_header_id, pos, id_parent, id_code, id_chapter_id)
VALUES ('0b3ce353-14a0-4ec9-9d74-5e4ede28c5cf', 'a52db439-9702-4d7c-a511-f93e1b903674', 0, null, 0, 'eb47f3a1-2ca3-4e48-befa-cb89f45deabf'), --  'Код строки', '2021-03-30'),
       ('62cdbf7e-07b0-4b83-8c60-8de0b85f4a25', 'eb5be32f-71d4-4066-807a-b2d4ef481532', 0, null, 0, 'eb47f3a1-2ca3-4e48-befa-cb89f45deabf'), --  'Показатель', '2021-03-30'),
       ('4821bd04-da4e-461c-b4d5-1171ef087588', '0e93c906-9a7e-47ae-9573-29fef1948d76', 0, null, 0, 'eb47f3a1-2ca3-4e48-befa-cb89f45deabf'), --  'Обучено за отчетный год', '2021-03-30'),
       ('131847c6-1902-410d-b78b-d4c442bbd71a', '4c215ad6-9c78-41b4-8cfc-5b6075163587', 1, '4821bd04-da4e-461c-b4d5-1171ef087588', 0, 'eb47f3a1-2ca3-4e48-befa-cb89f45deabf'), --  'Всего', '2021-03-30'),
       ('c3574472-31e4-47c8-a990-783aa4a43b41', '62afa577-02ec-4385-ab5e-e4c7fdb2cefc', 1, '4821bd04-da4e-461c-b4d5-1171ef087588', 0, 'eb47f3a1-2ca3-4e48-befa-cb89f45deabf'), --  'Руководителей', '2021-03-30'),
       ('13b4c7d5-9f2e-45c3-91ee-eb1ab825edff', 'b84187a0-a49e-41a1-a90c-bd4d7fcab980', 1, '4821bd04-da4e-461c-b4d5-1171ef087588', 0, 'eb47f3a1-2ca3-4e48-befa-cb89f45deabf'), --  'Специалистов', '2021-03-30'),
       ('b897a647-9c4c-4685-9228-dc92f980a75b', '3ffe8a91-f063-4c88-91e9-8de3cf7c4bd9', 1, '4821bd04-da4e-461c-b4d5-1171ef087588', 0, 'eb47f3a1-2ca3-4e48-befa-cb89f45deabf'); --  'Др. служащих', '2021-03-30');

-- Структура численности персонала и оплата труда -- Строки
INSERT INTO public.app_rows(id, id_indicator_id, pos, id_parent, id_code, id_chapter_id)
VALUES ('28bc559b-1eed-43b0-88cf-9e34887e2707', '5ecdde41-c54a-4fd9-93e6-6ee1660aedfa', 0, null, 100, 'eb47f3a1-2ca3-4e48-befa-cb89f45deabf'), --  'Повысили квалификацию (срок освоения программы не менее 16 часов), всего, в том числе:', '2021-03-30'),
       ('6e28f9d9-01f3-4bcf-b3e6-103d0f2adbc3', '02955d8c-ffea-429e-af1f-f78f327c903e', 0, null, 110, 'eb47f3a1-2ca3-4e48-befa-cb89f45deabf'), --  'в образовательных организациях высшего образования', '2021-03-30'),
       ('bb27c788-cb2b-47e3-9a2d-81d4b98efcf1', 'c80d3837-2bb6-4685-8605-93f494107948', 0, null, 120, 'eb47f3a1-2ca3-4e48-befa-cb89f45deabf'), --  'в организация дополнительного профессионального образования', '2021-03-30'),
       ('fdb0f32c-2e46-4833-adc9-a42856611b4f', '1521df4d-e83e-42ea-bf45-5d93459e607b', 0, null, 200, 'eb47f3a1-2ca3-4e48-befa-cb89f45deabf'), --  'Прошли профессиональную переподготовку (срок освоения программы не менее 250 часов), всего, в том числе:', '2021-03-30'),
       ('c2ea8001-3cf9-42a7-a0fe-57ea4c671f14', '271cd4d5-749c-45bd-a429-89770d106606', 0, null, 210, 'eb47f3a1-2ca3-4e48-befa-cb89f45deabf'), --  'в образовательных организациях высшего образования по программам профессиональной переподготовки, реализуемых или разработанных  в рамках основных образовательных программ', '2021-03-30'),
       ('b834b12b-aaa1-4ff2-920b-f5af15f51721', '0e17553c-349a-4a49-86a5-a6290af8d970', 0, null, 220, 'eb47f3a1-2ca3-4e48-befa-cb89f45deabf'), --  'в образовательных организациях высшего образования по иным программам профессиональной переподготовки', '2021-03-30'),
       ('c1158967-0086-4c8f-9f16-01dba54243d3', 'b61b99cb-7249-4ffa-b409-ae315a04e914', 0, null, 230, 'eb47f3a1-2ca3-4e48-befa-cb89f45deabf'), --  'в организация дополнительного профессионального образования', '2021-03-30'),
       ('ec9bcfbd-d15a-4650-a7a8-ea1191f6a470', '6a6fc581-1844-4610-9674-f9db10bf474d', 0, null, 300, 'eb47f3a1-2ca3-4e48-befa-cb89f45deabf'), --  'Прошли обучение:', '2021-03-30'),
       ('82921c8d-b171-4654-9216-a30c28b11e23', '16bf84a7-6d5d-4589-bb06-659c621265af', 0, null, 310, 'eb47f3a1-2ca3-4e48-befa-cb89f45deabf'), --  'в связи с созданием нового производства', '2021-03-30'),
       ('f7f36cc8-3680-4cfe-aaec-eca603a5cbf6', 'afe03536-51a7-402d-9e87-dbda3b7f092f', 0, null, 320, 'eb47f3a1-2ca3-4e48-befa-cb89f45deabf'), --  'в связи с высвобождением', '2021-03-30'),
       ('6e7a9d18-1ddc-4605-b311-af63e514bb72', 'bc533cde-41e7-464f-95c3-94d99266e29c', 0, null, 330, 'eb47f3a1-2ca3-4e48-befa-cb89f45deabf'), --  'за рубежом', '2021-03-30'),
       ('7647a626-d326-452a-8269-1e69d091dec6', '2509f5bb-9a10-4f96-bb7a-b36cf0eac3a6', 0, null, 340, 'eb47f3a1-2ca3-4e48-befa-cb89f45deabf'); --  'работники в возрасте до 35 лет', '2021-03-30');



-- =================================================== Сведения о профессиональном обучении рабочих ==================================================================

-- ('626a5419-9fda-495e-95ac-f54d20463b85', '2d450370-322e-45f3-9927-8ff9ff96d18d', '5/4', 'Сведения о профессиональном обучении рабочих'),


-- Сведения о профессиональном обучении рабочих -- Столбцы
INSERT INTO public.app_header_data(id, name, actual_d)
VALUES ('85110f3f-c2e7-48a2-9661-13ac3629e6b3', 'Код строки', '2021-03-30'),
       ('b5d9a69d-6840-4dca-adac-cbdf3bc25311', 'Показатель', '2021-03-30'),
       ('61fd0e63-0b77-41cf-a556-1f114fe619be', 'Количество рабочих, чел.', '2021-03-30');

-- Сведения о профессиональном обучении рабочих -- Строки
INSERT INTO public.app_indicator_data(id, name, actual_d)
VALUES ('1ddf9ccf-490d-4843-ab1e-95ca054081c5', 'Прошли профессиональную подготовку  всего,  в том числе:', '2021-03-30'),
       ('3f205fc7-c6fc-4ca4-ba0b-12d0dfc5e26b', 'обучено впервые, из них', '2021-03-30'),
       ('0d6f1df1-1199-4538-88d6-1bdc48956348', 'по программам профессионального обучения', '2021-03-30'),
       ('64bcaf67-5f18-429c-9a50-e5bb0b8dcac3', 'по программам квалифицированных рабочих и служащих в рамках СПО', '2021-03-30'),
       ('5301f479-0e22-45fe-98e2-dea68321d37f', 'обучено вторым (совмещенным) профессиям, из них', '2021-03-30'),
       ('bf1f2b8b-87e2-460f-92ee-74a465387a82', 'по программам профессионального обучения', '2021-03-30'),
       ('df72c802-3c4f-4ea0-8da4-b0bbaf42632c', 'по программам квалифицированных рабочих и служащих в рамках СПО', '2021-03-30'),
       ('fe9bc11f-f503-48da-99d3-932adcaf09d8', 'переподготовлено', '2021-03-30'),
       ('75be2bd0-73cd-4286-810d-3d2bab0348e6', 'Повысили квалификацию всего, в том числе:', '2021-03-30'),
       ('bad609f9-347a-4969-880c-d359176c57b9', 'на производственно-экономических курсах', '2021-03-30'),
       ('6473683c-9204-481f-8d72-b9d261d77335', 'на курсах целевого назначения', '2021-03-30'),
       ('73031c92-f220-4495-b03f-5f8d8ef8e48a', 'на прочих курсах', '2021-03-30'),
       ('35c2308c-9491-4320-ad57-c94eeb604dc3', 'Из повысивших квалификацию повышены тарифные разряды', '2021-03-30'),
       ('e32b217c-ecc9-414a-8eba-ca297b000690', 'Всего обучено рабочих (сумма строк с кодами  110 и 120), в том числе:', '2021-03-30'),
       ('4dae845f-d127-4f56-b4de-652895898f27', 'в связи с созданием нового производства', '2021-03-30'),
       ('d9188efd-8c26-41fd-b0f5-c0f8fa3ed403', 'в связи с высвобождением', '2021-03-30'),
       ('65f99fe7-cdc9-4824-ad13-a31d03932b7a', 'непосредственно на предприятии', '2021-03-30'),
       ('1357993a-a7c1-4c7d-92f5-e7abc46363bb', 'работников в возрасте до 35 лет', '2021-03-30');

-- Сведения о профессиональном обучении рабочих -- Столбцы
INSERT INTO public.app_columns(id, id_header_id, pos, id_parent, id_code, id_chapter_id)
VALUES ('c6a4df46-b697-4526-ba63-828e7e83769a', '85110f3f-c2e7-48a2-9661-13ac3629e6b3', 0, null, 0, '626a5419-9fda-495e-95ac-f54d20463b85'),
       ('44294e19-63b6-4588-a936-ade8bb2993d3', 'b5d9a69d-6840-4dca-adac-cbdf3bc25311', 0, null, 0, '626a5419-9fda-495e-95ac-f54d20463b85'),
       ('5e0b9bd2-c7c2-4f1f-8773-f41abf6748e3', '61fd0e63-0b77-41cf-a556-1f114fe619be', 0, null, 0, '626a5419-9fda-495e-95ac-f54d20463b85');


-- Сведения о профессиональном обучении рабочих -- Строки
INSERT INTO public.app_rows(id, id_indicator_id, pos, id_parent, id_code, id_chapter_id)
VALUES ('88dca93d-e947-4c2a-9e02-ccffbc8c3b56', '1ddf9ccf-490d-4843-ab1e-95ca054081c5', 0, null, 100, '626a5419-9fda-495e-95ac-f54d20463b85'), --  'Прошли профессиональную подготовку  всего,  в том числе:', '2021-03-30'),
       ('045f1a2b-bfb9-46a7-bdf6-51008b9ab49b', '3f205fc7-c6fc-4ca4-ba0b-12d0dfc5e26b', 0, null, 110, '626a5419-9fda-495e-95ac-f54d20463b85'), --  'обучено впервые, из них', '2021-03-30'),
       ('d079afc5-0c0b-4a58-8318-ef91c93700ea', '0d6f1df1-1199-4538-88d6-1bdc48956348', 0, null, 111, '626a5419-9fda-495e-95ac-f54d20463b85'), --  'по программам профессионального обучения', '2021-03-30'),
       ('ae6b957f-f53e-4223-a3e5-6cc6a1498237', '64bcaf67-5f18-429c-9a50-e5bb0b8dcac3', 0, null, 112, '626a5419-9fda-495e-95ac-f54d20463b85'), --  'по программам квалифицированных рабочих и служащих в рамках СПО', '2021-03-30'),
       ('16bd6ddf-a0d9-4595-8e1c-d8d1967c961d', '5301f479-0e22-45fe-98e2-dea68321d37f', 0, null, 120, '626a5419-9fda-495e-95ac-f54d20463b85'), --  'обучено вторым (совмещенным) профессиям, из них', '2021-03-30'),
       ('48c51443-930a-47af-a35a-e8bb37b3a24c', 'bf1f2b8b-87e2-460f-92ee-74a465387a82', 0, null, 121, '626a5419-9fda-495e-95ac-f54d20463b85'), --  'по программам профессионального обучения', '2021-03-30'),
       ('43dae45c-61b3-40c7-b4a7-23d635588930', 'df72c802-3c4f-4ea0-8da4-b0bbaf42632c', 0, null, 122, '626a5419-9fda-495e-95ac-f54d20463b85'), --  'по программам квалифицированных рабочих и служащих в рамках СПО', '2021-03-30'),
       ('279ae7ee-bc0a-4dbb-8ddf-4cd3109c235f', 'fe9bc11f-f503-48da-99d3-932adcaf09d8', 0, null, 130, '626a5419-9fda-495e-95ac-f54d20463b85'), --  'переподготовлено', '2021-03-30'),
       ('3c45b843-3d4e-482e-8d26-6429191ba0f0', '75be2bd0-73cd-4286-810d-3d2bab0348e6', 0, null, 200, '626a5419-9fda-495e-95ac-f54d20463b85'), --  'Повысили квалификацию всего, в том числе:', '2021-03-30'),
       ('d3236010-f333-4fc9-87a4-c6e307e58951', 'bad609f9-347a-4969-880c-d359176c57b9', 0, null, 210, '626a5419-9fda-495e-95ac-f54d20463b85'), --  'на производственно-экономических курсах', '2021-03-30'),
       ('15942808-3399-4095-9473-de232e1b854a', '6473683c-9204-481f-8d72-b9d261d77335', 0, null, 220, '626a5419-9fda-495e-95ac-f54d20463b85'), --  'на курсах целевого назначения', '2021-03-30'),
       ('23be8f7c-cb0a-4067-aafc-5c8ddfef2462', '73031c92-f220-4495-b03f-5f8d8ef8e48a', 0, null, 230, '626a5419-9fda-495e-95ac-f54d20463b85'), --  'на прочих курсах', '2021-03-30'),
       ('bf1f6394-dbfc-4540-a8aa-f7110a336a31', '35c2308c-9491-4320-ad57-c94eeb604dc3', 0, null, 240, '626a5419-9fda-495e-95ac-f54d20463b85'), --  'Из повысивших квалификацию повышены тарифные разряды', '2021-03-30'),
       ('fe676c4c-71d4-48ee-b75a-ad594e4cd04b', 'e32b217c-ecc9-414a-8eba-ca297b000690', 0, null, 300, '626a5419-9fda-495e-95ac-f54d20463b85'), --  'Всего обучено рабочих (сумма строк с кодами  110 и 120), в том числе:', '2021-03-30'),
       ('8adab62d-27d2-4116-8ff3-7375c1e2458b', '4dae845f-d127-4f56-b4de-652895898f27', 0, null, 310, '626a5419-9fda-495e-95ac-f54d20463b85'), --  'в связи с созданием нового производства', '2021-03-30'),
       ('61253254-4d33-4041-b31f-43554ef82c7b', 'd9188efd-8c26-41fd-b0f5-c0f8fa3ed403', 0, null, 320, '626a5419-9fda-495e-95ac-f54d20463b85'), --  'в связи с высвобождением', '2021-03-30'),
       ('ca5185fb-f2fd-433d-befa-e31862eed7fb', '65f99fe7-cdc9-4824-ad13-a31d03932b7a', 0, null, 330, '626a5419-9fda-495e-95ac-f54d20463b85'), --  'непосредственно на предприятии', '2021-03-30'),
       ('dfbb25b6-4050-4394-bf00-f0247de728ae', '1357993a-a7c1-4c7d-92f5-e7abc46363bb', 0, null, 340, '626a5419-9fda-495e-95ac-f54d20463b85'); --  'работников в возрасте до 35 лет', '2021-03-30');



-- ========================================================= Востребованность должностей и специальностей персонала предприятияв части квалифицированных рабочих предприятия по состоянию на конец отчетного периода ==========================================================

-- ('b818037a-fad4-45d2-9f58-e9544c8393ee', '2d450370-322e-45f3-9927-8ff9ff96d18d', '5/5', 'Востребованность должностей и специальностей персонала предприятияв части квалифицированных рабочих предприятия по состоянию на конец отчетного периода'),

-- Востребованность должностей и специальностей персонала предприятияв части квалифицированных рабочих предприятия по состоянию на конец отчетного периода -- Столбцы
INSERT INTO public.app_header_data(id, name, actual_d)
VALUES ('a99494ce-7fc7-418d-8111-2603da307d56', '№ п/п', '2021-03-30'),
       ('894ba300-9c23-4af5-8a56-5634e5512256', 'Должность, профессия', '2021-03-30'),
       ('e81fbb6d-041e-4fe2-8eed-625c05fc7db7', 'Наименование', '2021-03-30'),
       ('870394a0-8de5-45a0-8e4b-770b99d9a4d5', 'Код по ОКПДТР', '2021-03-30'),
       ('b9af20b2-9654-466e-9285-81f6f60c814a', 'Специальность среднего профессионального образования', '2021-03-30'),
       ('833e65ce-0a15-4388-bddc-aba700a081af', 'Наименование', '2021-03-30'),
       ('4b33b2c8-df7b-48a5-a72c-2e5d7a6a0b55', 'Код по ОКСО', '2021-03-30'),
       ('abba95f8-7360-4d64-9076-85a9c56d73ec', 'Численность', '2021-03-30'),
       ('9358150f-34cc-4f0a-a9b6-7663c00b7a8e', 'Потребность', '2021-03-30'),
       ('0ec8dada-bca2-4635-bd5c-e4f0b6619484', 'Удельный вес к общей численности ', '2021-03-30'),
       ('75621cc0-6151-42ec-83c1-6a397699b38d', 'Текущий', '2021-03-30'),
       ('b27cf65d-0014-4d62-9d2e-6d7d27f4ecf6', 'Необходимый', '2021-03-30'),
       ('f2212b5a-674b-44c3-8a14-bf53df0d1799', 'Примечание', '2021-03-30');

-- Востребованность должностей и специальностей персонала предприятияв части квалифицированных рабочих предприятия по состоянию на конец отчетного периода -- Столбцы
INSERT INTO public.app_columns(id, id_header_id, pos, id_parent, id_code, id_chapter_id)
VALUES ('6b7ce6b4-dabd-48f8-94d5-38ea038af65c', 'a99494ce-7fc7-418d-8111-2603da307d56', 0, null, 1, 'b818037a-fad4-45d2-9f58-e9544c8393ee'), --  '№ п/п', '2021-03-30'),
       ('6800d423-f218-4c0f-9e1f-da34abb5b4ff', '894ba300-9c23-4af5-8a56-5634e5512256', 0, null, 2, 'b818037a-fad4-45d2-9f58-e9544c8393ee'), --  'Должность, профессия', '2021-03-30'),

       ('35f72a26-957d-4439-93ff-4cc3e2f6bcfc', 'e81fbb6d-041e-4fe2-8eed-625c05fc7db7', 1, '6800d423-f218-4c0f-9e1f-da34abb5b4ff', 2, 'b818037a-fad4-45d2-9f58-e9544c8393ee'), --  'Наименование', '2021-03-30'),
       ('670575e4-58ac-46c2-a63a-82e026250136', '870394a0-8de5-45a0-8e4b-770b99d9a4d5', 1, '6800d423-f218-4c0f-9e1f-da34abb5b4ff', 3, 'b818037a-fad4-45d2-9f58-e9544c8393ee'), --  'Код по ОКПДТР', '2021-03-30'),
       ('0cb5ddba-1ebd-4012-bf13-4c9dd45aff3e', 'b9af20b2-9654-466e-9285-81f6f60c814a', 0, null, 4, 'b818037a-fad4-45d2-9f58-e9544c8393ee'), --  'Специальность среднего профессионального образования', '2021-03-30'),

       ('26585f8d-2bdf-4e11-a3c3-eac9c6313976', '833e65ce-0a15-4388-bddc-aba700a081af', 1, '0cb5ddba-1ebd-4012-bf13-4c9dd45aff3e', 4, 'b818037a-fad4-45d2-9f58-e9544c8393ee'), --  'Наименование', '2021-03-30'),
       ('9ecc2dad-cb64-41bb-af54-da5aed2a017a', '4b33b2c8-df7b-48a5-a72c-2e5d7a6a0b55', 1, '0cb5ddba-1ebd-4012-bf13-4c9dd45aff3e', 5, 'b818037a-fad4-45d2-9f58-e9544c8393ee'), --  'Код по ОКСО', '2021-03-30'),
       ('f5be7652-35d9-43b0-bd66-91cf328ec378', 'abba95f8-7360-4d64-9076-85a9c56d73ec', 0, null, 6, 'b818037a-fad4-45d2-9f58-e9544c8393ee'), --  'Численность', '2021-03-30'),
       ('6eab351c-e7c2-470f-9b21-bbac5d00272a', '9358150f-34cc-4f0a-a9b6-7663c00b7a8e', 0, null, 7, 'b818037a-fad4-45d2-9f58-e9544c8393ee'), --  'Потребность', '2021-03-30'),

       ('136e6333-b263-45c5-9d19-13dd42748879', '0ec8dada-bca2-4635-bd5c-e4f0b6619484', 0, null, 8, 'b818037a-fad4-45d2-9f58-e9544c8393ee'), --  'Удельный вес к общей численности ', '2021-03-30'),
       ('42be025f-c4db-48ea-8bec-67feb5385c1e', '75621cc0-6151-42ec-83c1-6a397699b38d', 1, '136e6333-b263-45c5-9d19-13dd42748879', 8, 'b818037a-fad4-45d2-9f58-e9544c8393ee'), --  'Текущий', '2021-03-30'),
       ('44b26c26-644c-4cff-ab09-1e29227ddd51', 'b27cf65d-0014-4d62-9d2e-6d7d27f4ecf6', 1, '136e6333-b263-45c5-9d19-13dd42748879', 9, 'b818037a-fad4-45d2-9f58-e9544c8393ee'), --  'Необходимый', '2021-03-30'),
       ('e7c6d848-bc67-45f3-9ec4-754116177e41', 'f2212b5a-674b-44c3-8a14-bf53df0d1799', 0, null, 10, 'b818037a-fad4-45d2-9f58-e9544c8393ee'); --  'Примечание', '2021-03-30'),




-- =====================================================================================================================


-- ('df17a318-188f-48fa-8def-ea98e75eb49b', '2d450370-322e-45f3-9927-8ff9ff96d18d', '5/6', 'Востребованность должностей и специальностей персонала предприятия в части персонала со средним профессиональным образованием предприятия по состоянию на конец отчетного периода'),



-- Востребованность должностей и специальностей персонала предприятия в части персонала со средним профессиональным образованием предприятия по состоянию на конец отчетного периода -- Столбцы
INSERT INTO public.app_header_data(id, name, actual_d)
VALUES ('ef8b0e0b-f173-4fb4-bd73-130d2946f3df', '№ п/п', '2021-03-30'),
       ('b8dc4e5e-5f14-46ed-96d4-988ce81ec086', 'Должность, профессия', '2021-03-30'),
       ('69092647-9326-412e-98e5-da2ceda3db97', 'Наименование', '2021-03-30'),
       ('dfb977be-f8b8-4bc3-a467-45a07a434f2b', 'Код по ОКПДТР', '2021-03-30'),
       ('8e82a955-b84b-4df7-8a20-6d525331e5aa', 'Специальность среднего профессионального образования', '2021-03-30'),
       ('6a8c2897-8737-45f1-97e4-41a0b43cd6c1', 'Наименование', '2021-03-30'),
       ('1228d9b9-c634-44d3-a846-f1ef32b0b3a1', 'Код по ОКСО', '2021-03-30'),
       ('4ef5e772-2340-4148-8548-afaa11fbe576', 'Численность', '2021-03-30'),
       ('ce4f4bfb-23f9-4a9a-9584-a7c146a3b3df', 'Потребность', '2021-03-30'),
       ('f264936c-8e9b-43d5-b1f4-cf461c1952c1', 'Удельный вес к общей численности ', '2021-03-30'),
       ('9c5e371d-c184-4afc-8cc6-7bdfa8379324', 'Текущий', '2021-03-30'),
       ('c00f036b-d1c8-47a0-a361-aeb18807ec51', 'Необходимый', '2021-03-30'),
       ('1c3c9005-8121-46e7-9937-f21b88ce8570', 'Примечание', '2021-03-30');

-- Востребованность должностей и специальностей персонала предприятияв части квалифицированных рабочих предприятия по состоянию на конец отчетного периода -- Столбцы
INSERT INTO public.app_columns(id, id_header_id, pos, id_parent, id_code, id_chapter_id)
VALUES ('de7beb35-cd7a-4436-881b-78b6ee5e473b', 'ef8b0e0b-f173-4fb4-bd73-130d2946f3df', 0, null, 1, 'df17a318-188f-48fa-8def-ea98e75eb49b'), --  '№ п/п', '2021-03-30'),
       ('5a955484-8d77-4069-b576-3fb978b6e488', 'b8dc4e5e-5f14-46ed-96d4-988ce81ec086', 0, null, 2, 'df17a318-188f-48fa-8def-ea98e75eb49b'), --  'Должность, профессия', '2021-03-30'),

       ('35d5178f-16f3-4152-8eab-23d99c966a93', '69092647-9326-412e-98e5-da2ceda3db97', 1, '5a955484-8d77-4069-b576-3fb978b6e488', 2, 'df17a318-188f-48fa-8def-ea98e75eb49b'), --  'Наименование', '2021-03-30'),
       ('2ae4776a-b011-45db-a204-fd21d88399b1', 'dfb977be-f8b8-4bc3-a467-45a07a434f2b', 1, '5a955484-8d77-4069-b576-3fb978b6e488', 3, 'df17a318-188f-48fa-8def-ea98e75eb49b'), --  'Код по ОКПДТР', '2021-03-30'),
       ('05cc8651-30a4-45af-9c85-c5e92bfbca16', '8e82a955-b84b-4df7-8a20-6d525331e5aa', 0, null, 4, 'df17a318-188f-48fa-8def-ea98e75eb49b'), --  'Специальность среднего профессионального образования', '2021-03-30'),

       ('d8bd84da-8d79-4396-a388-ff1e0f9c2be2', '6a8c2897-8737-45f1-97e4-41a0b43cd6c1', 1, '05cc8651-30a4-45af-9c85-c5e92bfbca16', 4, 'df17a318-188f-48fa-8def-ea98e75eb49b'), --  'Наименование', '2021-03-30'),
       ('c5349d6c-623e-4346-b737-4c27ec339bd1', '1228d9b9-c634-44d3-a846-f1ef32b0b3a1', 1, '05cc8651-30a4-45af-9c85-c5e92bfbca16', 5, 'df17a318-188f-48fa-8def-ea98e75eb49b'), --  'Код по ОКСО', '2021-03-30'),
       ('b80a32ca-59cc-4278-b0a3-f46aef461f29', '4ef5e772-2340-4148-8548-afaa11fbe576', 0, null, 6, 'df17a318-188f-48fa-8def-ea98e75eb49b'), --  'Численность', '2021-03-30'),
       ('1624d4fc-488b-45fe-b87f-c0ef96732088', 'ce4f4bfb-23f9-4a9a-9584-a7c146a3b3df', 0, null, 7, 'df17a318-188f-48fa-8def-ea98e75eb49b'), --  'Потребность', '2021-03-30'),
       ('ae7c0e90-d915-4864-ae73-c8256afe1da5', 'f264936c-8e9b-43d5-b1f4-cf461c1952c1', 0, null, 8, 'df17a318-188f-48fa-8def-ea98e75eb49b'), --  'Удельный вес к общей численности ', '2021-03-30'),

       ('d53c729e-a091-48e9-9ad9-3d24e8c7f6e1', '9c5e371d-c184-4afc-8cc6-7bdfa8379324', 1, 'ae7c0e90-d915-4864-ae73-c8256afe1da5', 8, 'df17a318-188f-48fa-8def-ea98e75eb49b'), --  'Текущий', '2021-03-30'),
       ('3a1f04c1-42db-4ea7-8d0e-bd9fd1109859', 'c00f036b-d1c8-47a0-a361-aeb18807ec51', 1, 'ae7c0e90-d915-4864-ae73-c8256afe1da5', 9, 'df17a318-188f-48fa-8def-ea98e75eb49b'), --  'Необходимый', '2021-03-30'),
       ('44b73def-c3be-42c9-bb57-1b6986a61cd5', '1c3c9005-8121-46e7-9937-f21b88ce8570', 0, null, 10, 'df17a318-188f-48fa-8def-ea98e75eb49b'); --  'Примечание', '2021-03-30'),


-- =====================================================================================================================


-- ('e9e0537a-d5fc-4239-8f75-258e80042e97', '2d450370-322e-45f3-9927-8ff9ff96d18d', '5/7', 'Востребованность должностей и специальностей персонала предприятия в части специалистов с высшим образованием по состоянию на конец отчетного периода'),



-- Востребованность должностей и специальностей персонала предприятия в части специалистов с высшим образованием по состоянию на конец отчетного периода -- Столбцы
INSERT INTO public.app_header_data(id, name, actual_d)
VALUES ('f5f8962a-a828-476d-b892-f682def1dad2', '№ п/п', '2021-03-30'),
       ('18ba5d78-8d25-414d-a43e-44fd837b52bb', 'Должность, профессия', '2021-03-30'),
       ('887ca6ce-2b85-4630-9239-2188c1dfc4a9', 'Наименование', '2021-03-30'),
       ('8753b320-2d07-4381-877c-a53fa85178d7', 'Код по ОКПДТР', '2021-03-30'),
       ('ed296a7a-1329-4f0d-bd17-3e4373bb424a', 'Специальность среднего профессионального образования', '2021-03-30'),
       ('413b2e4e-4d66-4150-9d6e-9848c80997fa', 'Наименование', '2021-03-30'),
       ('28b19d8e-2adf-40e3-8e8d-baaf68510f70', 'Код по ОКСО', '2021-03-30'),
       ('d2a762a4-7f8d-4537-96c5-40761b6dae8a', 'Численность', '2021-03-30'),
       ('e7c6155c-fa85-437a-8369-6a17e492d482', 'Потребность', '2021-03-30'),
       ('bfc9e011-f8e7-4c7b-b1b5-b6b4379cf7fe', 'Удельный вес к общей численности ', '2021-03-30'),
       ('f9031f54-86f8-4161-946d-1e64e3823933', 'Текущий', '2021-03-30'),
       ('7ce96440-37e6-4432-8900-d4ef545bcae6', 'Необходимый', '2021-03-30'),
       ('be9a1fc0-4a6c-4ad4-aafc-8a8f3c5f047c', 'Примечание', '2021-03-30');

-- Востребованность должностей и специальностей персонала предприятия в части специалистов с высшим образованием по состоянию на конец отчетного периода -- Столбцы
INSERT INTO public.app_columns(id, id_header_id, pos, id_parent, id_code, id_chapter_id)
VALUES ('c71524b2-87da-4374-b861-704da25efe3c', 'f5f8962a-a828-476d-b892-f682def1dad2', 0, null, 1, 'e9e0537a-d5fc-4239-8f75-258e80042e97'), --  '№ п/п', '2021-03-30'),
       ('7d90c88e-e970-4c43-84be-bb80a8c6b1c8', '18ba5d78-8d25-414d-a43e-44fd837b52bb', 0, null, 2, 'e9e0537a-d5fc-4239-8f75-258e80042e97'), --  'Должность, профессия', '2021-03-30'),

       ('1c65fcf4-22c1-4054-8c36-bc7c4724386f', '887ca6ce-2b85-4630-9239-2188c1dfc4a9', 1, '7d90c88e-e970-4c43-84be-bb80a8c6b1c8', 2, 'e9e0537a-d5fc-4239-8f75-258e80042e97'), --  'Наименование', '2021-03-30'),
       ('6058752c-dbe4-4cfc-8122-4ca457b4890f', '8753b320-2d07-4381-877c-a53fa85178d7', 1, '7d90c88e-e970-4c43-84be-bb80a8c6b1c8', 3, 'e9e0537a-d5fc-4239-8f75-258e80042e97'), --  'Код по ОКПДТР', '2021-03-30'),
       ('09c6f6c7-39c7-45a5-8c78-c9527ee0a0c9', 'ed296a7a-1329-4f0d-bd17-3e4373bb424a', 0, null, 4, 'e9e0537a-d5fc-4239-8f75-258e80042e97'), --  'Специальность среднего профессионального образования', '2021-03-30'),

       ('0d468f46-b684-498a-b654-48a0e952fa4a', '413b2e4e-4d66-4150-9d6e-9848c80997fa', 1, '09c6f6c7-39c7-45a5-8c78-c9527ee0a0c9', 4, 'e9e0537a-d5fc-4239-8f75-258e80042e97'), --  'Наименование', '2021-03-30'),
       ('abbd0c87-98fc-4c1c-b8cb-9780612ca587', '28b19d8e-2adf-40e3-8e8d-baaf68510f70', 1, '09c6f6c7-39c7-45a5-8c78-c9527ee0a0c9', 5, 'e9e0537a-d5fc-4239-8f75-258e80042e97'), --  'Код по ОКСО', '2021-03-30'),
       ('754f80d4-76fc-40a1-9fb5-6d5ccebb36bf', 'd2a762a4-7f8d-4537-96c5-40761b6dae8a', 0, null, 6, 'e9e0537a-d5fc-4239-8f75-258e80042e97'), --  'Численность', '2021-03-30'),
       ('0e888ffa-8071-4cdf-b540-36b45e7eae48', 'e7c6155c-fa85-437a-8369-6a17e492d482', 0, null, 7, 'e9e0537a-d5fc-4239-8f75-258e80042e97'), --  'Потребность', '2021-03-30'),
       ('a634556f-46b3-43a5-9885-03e77247ef1a', 'bfc9e011-f8e7-4c7b-b1b5-b6b4379cf7fe', 0, null, 8, 'e9e0537a-d5fc-4239-8f75-258e80042e97'), --  'Удельный вес к общей численности ', '2021-03-30'),

       ('8dcfe899-d758-4531-b339-f893e6514355', 'f9031f54-86f8-4161-946d-1e64e3823933', 1, 'a634556f-46b3-43a5-9885-03e77247ef1a', 8, 'e9e0537a-d5fc-4239-8f75-258e80042e97'), --  'Текущий', '2021-03-30'),
       ('512ab97f-85f0-43a2-b973-1e59ed5c9794', '7ce96440-37e6-4432-8900-d4ef545bcae6', 1, 'a634556f-46b3-43a5-9885-03e77247ef1a', 9, 'e9e0537a-d5fc-4239-8f75-258e80042e97'), --  'Необходимый', '2021-03-30'),
       ('9ccd8a50-9a3e-499c-afb5-9c331e05b843', 'be9a1fc0-4a6c-4ad4-aafc-8a8f3c5f047c', 0, null, 10, 'e9e0537a-d5fc-4239-8f75-258e80042e97'); --  'Примечание', '2021-03-30'),


-- ================================================= Сведения об условиях труда ====================================================================

-- ('74d34ea0-f9aa-4eee-a988-8a9f8408e7db', '2d450370-322e-45f3-9927-8ff9ff96d18d', '5/8', 'Сведения об условиях труда'),

-- Сведения об условиях труда -- Столбцы
INSERT INTO public.app_header_data(id, name, actual_d)
VALUES ('35892824-f714-4d60-a82d-7cf79a87ddf5', 'Код строки', '2021-03-30'),
       ('4a6d53ae-3e1f-4039-a5cd-9c7af2596199', 'Показатели', '2021-03-30'),
       ('0126c683-90e9-4ec4-8af1-d0f09fda8c1c', 'Единицы измерения', '2021-03-30'),
       ('02088e45-0b81-47a9-98de-53eb8545689a', 'Отчетный год', '2021-03-30'),
       ('8b06251e-d521-4203-9873-06c4b7bde175', 'Предыдущий отчетному год', '2021-03-30');


-- Сведения об условиях труда -- Строки
INSERT INTO public.app_indicator_data(id, name, actual_d)
VALUES ('4be03ae7-aae4-4235-9267-525e2eee6117', '1. Расходы на объекты социальной инфраструктуры', '2021-03-30'),
       ('bbe73536-80e3-49a6-9dff-3516522300ed', 'Расходы на объекты социальной инфраструктуры (всего), в том числе:', '2021-03-30'),
       ('c880c047-773b-4891-a8ca-70a4ea7a8e68', 'Здравпункты и медучреждения', '2021-03-30'),
       ('1ac085af-2fa1-483a-8468-a1831632fe86', 'Профилактории, пансионаты матери и ребенка', '2021-03-30'),
       ('0356e82b-1670-4600-aa94-139704abefc0', 'Общежития и гостиницы', '2021-03-30'),
       ('ccc0f6f3-1ca8-4630-a09c-85e4b956b289', 'Объекты общественного питания', '2021-03-30'),
       ('bceeaed3-46f5-44f3-b481-10406c0a8652', 'Объекты бытового обслуживания и торговли', '2021-03-30'),
       ('4e3a3621-3de5-4849-95ec-7210979a5ce5', 'Турбазы и спорткомплексы', '2021-03-30'),
       ('4668c509-8077-4a19-88f8-2978f80bb632', 'Культурно-просветительные учреждения', '2021-03-30'),
       ('44cd2fd8-0195-4f4c-8f73-4e78857b80db', 'Дошкольные учреждения', '2021-03-30'),
       ('0537a2ec-7e8a-4c45-84b2-d743ca424aca', 'Объекты жилищно-коммунального хозяйства', '2021-03-30'),
       ('bb5fdc51-e67b-481e-9bbc-52b695389716', 'Другие', '2021-03-30'),
       ('4698d8e1-d4dd-41be-b4c8-4b1273bdb6c8', '2. Сведения об эффективности охраны труда', '2021-03-30'),
       ('3a724e76-4d55-49aa-825a-67dcbbb37c1f', 'Количество несчастных случаев на производстве', '2021-03-30'),
       ('65c9a05f-0f4b-4056-8c94-55a7e63c1ac1', 'Количество больных с профессиональным заболеванием, всего', '2021-03-30'),
       ('d671e882-fcdd-4fe9-96a0-cd032aaddd53', 'Количество человеко-дней временной нетрудоспособности, вызванной несчастными случаями на производстве', '2021-03-30'),
       ('2ed02119-9142-4b68-b1d7-a3ce5b37ea52', 'Количество человеко-дней временной нетрудоспособности, вызванной профессиональным заболеванием', '2021-03-30'),
       ('9365dd31-f49a-4c32-8d02-834b115d4e07', 'Сумма выплат, вызванных несчастным случаем на производстве', '2021-03-30'),
       ('2e9695c5-a3de-4103-83b9-c6c6536f22a7', 'Сумма выплат по временной нетрудоспособности, вызванной профессиональным заболеванием', '2021-03-30'),
       ('3b06fd94-8209-4599-a3e2-010164ed67f5', 'Количество случаев общим заболеванием, всего', '2021-03-30'),
       ('d1d9680a-cce0-41a2-8641-e06d15874ad3', 'Количество человеко-дней временной нетрудоспособности, вызванной общим заболеванием', '2021-03-30'),
       ('25b43b7d-c800-49b9-9b85-112b11699b87', 'Сумма выплат по временной нетрудоспособности, вызванной общим заболеванием', '2021-03-30');

-- Сведения об условиях труда -- Столбцы
INSERT INTO public.app_columns(id, id_header_id, pos, id_parent, id_code, id_chapter_id)
VALUES ('6ec652c9-3dee-4618-ac7c-6e32d4b79ea8', '35892824-f714-4d60-a82d-7cf79a87ddf5', 0, null, 1, '74d34ea0-f9aa-4eee-a988-8a9f8408e7db'), --  'Код строки', '2021-03-30'),
       ('98a257d7-2915-4642-ae0b-8edd738876d2', '4a6d53ae-3e1f-4039-a5cd-9c7af2596199', 0, null, 2, '74d34ea0-f9aa-4eee-a988-8a9f8408e7db'), --  'Показатели', '2021-03-30'),
       ('33979e67-bd4b-4880-9061-395e9eba664a', '0126c683-90e9-4ec4-8af1-d0f09fda8c1c', 0, null, 3, '74d34ea0-f9aa-4eee-a988-8a9f8408e7db'), --  'Единицы измерения', '2021-03-30'),
       ('cf124736-f8a6-4360-b4c7-12fb3e97d45e', '02088e45-0b81-47a9-98de-53eb8545689a', 0, null, 4, '74d34ea0-f9aa-4eee-a988-8a9f8408e7db'), --  'Отчетный год', '2021-03-30'),
       ('3a6134df-9014-4055-af51-ede41163f095', '8b06251e-d521-4203-9873-06c4b7bde175', 0, null, 5, '74d34ea0-f9aa-4eee-a988-8a9f8408e7db'); --  'Предыдущий отчетному год', '2021-03-30'),



-- Сведения об условиях труда -- Строки
INSERT INTO public.app_rows(id, id_indicator_id, dimension, pos, id_parent, id_code, id_chapter_id)
VALUES ('f5eacfc9-5228-4326-ac12-aca23d91b090', '4be03ae7-aae4-4235-9267-525e2eee6117', 'тыс.руб.', 0, null, -1, '74d34ea0-f9aa-4eee-a988-8a9f8408e7db'), --  '1. Расходы на объекты социальной инфраструктуры', '2021-03-30'),
       ('670db3ac-7f1e-4f6d-8bf5-2e32418d22a1', 'bbe73536-80e3-49a6-9dff-3516522300ed', 'тыс.руб.', 0, null, 100, '74d34ea0-f9aa-4eee-a988-8a9f8408e7db'), --  'Расходы на объекты социальной инфраструктуры (всего), в том числе:', '2021-03-30'),
       ('f120c2bd-7e19-4c40-b596-1b9c013596d9', 'c880c047-773b-4891-a8ca-70a4ea7a8e68', 'тыс.руб.', 0, null, 101, '74d34ea0-f9aa-4eee-a988-8a9f8408e7db'), --  'Здравпункты и медучреждения', '2021-03-30'),
       ('6d79b7c3-c013-42a2-ac82-40bf8559423c', '1ac085af-2fa1-483a-8468-a1831632fe86', 'тыс.руб.', 0, null, 102, '74d34ea0-f9aa-4eee-a988-8a9f8408e7db'), --  'Профилактории, пансионаты матери и ребенка', '2021-03-30'),
       ('0cd9c4e0-ac80-4fef-85f6-b6f5133c03c9', '0356e82b-1670-4600-aa94-139704abefc0', 'тыс.руб.', 0, null, 103, '74d34ea0-f9aa-4eee-a988-8a9f8408e7db'), --  'Общежития и гостиницы', '2021-03-30'),
       ('a02bde0e-10be-42e4-92f9-aa789d2d5edd', 'ccc0f6f3-1ca8-4630-a09c-85e4b956b289', 'тыс.руб.', 0, null, 104, '74d34ea0-f9aa-4eee-a988-8a9f8408e7db'), --  'Объекты общественного питания', '2021-03-30'),
       ('4b73305a-c1e9-40f3-be70-acae987df519', 'bceeaed3-46f5-44f3-b481-10406c0a8652', 'тыс.руб.', 0, null, 105, '74d34ea0-f9aa-4eee-a988-8a9f8408e7db'), --  'Объекты бытового обслуживания и торговли', '2021-03-30'),
       ('5d807d9e-09d2-4945-ab86-019134398d9d', '4e3a3621-3de5-4849-95ec-7210979a5ce5', 'тыс.руб.', 0, null, 106, '74d34ea0-f9aa-4eee-a988-8a9f8408e7db'), --  'Турбазы и спорткомплексы', '2021-03-30'),
       ('ba8f9202-14f5-4376-a8e3-9fce0ed17965', '4668c509-8077-4a19-88f8-2978f80bb632', 'тыс.руб.', 0, null, 107, '74d34ea0-f9aa-4eee-a988-8a9f8408e7db'), --  'Культурно-просветительные учреждения', '2021-03-30'),
       ('947c7b19-05fc-4093-bc08-5d85f08dba2d', '44cd2fd8-0195-4f4c-8f73-4e78857b80db', 'тыс.руб.', 0, null, 108, '74d34ea0-f9aa-4eee-a988-8a9f8408e7db'), --  'Дошкольные учреждения', '2021-03-30'),
       ('1ef9f216-761f-4485-ac07-549125adf9fd', '0537a2ec-7e8a-4c45-84b2-d743ca424aca', 'тыс.руб.', 0, null, 109, '74d34ea0-f9aa-4eee-a988-8a9f8408e7db'), --  'Объекты жилищно-коммунального хозяйства', '2021-03-30'),
       ('2b1a3333-f2ee-4df4-ab23-df8e1608107d', 'bb5fdc51-e67b-481e-9bbc-52b695389716', 'тыс.руб.', 0, null, 110, '74d34ea0-f9aa-4eee-a988-8a9f8408e7db'), --  'Другие', '2021-03-30'),

       ('cc82bbd8-60d0-4e71-9fbf-106c132cd8c5', '4698d8e1-d4dd-41be-b4c8-4b1273bdb6c8', 'случ.', 0, null, -1, '74d34ea0-f9aa-4eee-a988-8a9f8408e7db'), --  '2. Сведения об эффективности охраны труда', '2021-03-30'),
       ('fb425460-ade3-46c1-ab86-8b125f73b2d4', '3a724e76-4d55-49aa-825a-67dcbbb37c1f', 'человек', 0, null, 200, '74d34ea0-f9aa-4eee-a988-8a9f8408e7db'), --  'Количество несчастных случаев на производстве', '2021-03-30'),
       ('244f26a0-9837-49b1-9311-9aeb6d465163', '65c9a05f-0f4b-4056-8c94-55a7e63c1ac1', 'чел.-дн.', 0, null, 300, '74d34ea0-f9aa-4eee-a988-8a9f8408e7db'), --  'Количество больных с профессиональным заболеванием, всего', '2021-03-30'),
       ('1161f6e1-dca8-4fa0-a3d8-579ab0eb21c5', 'd671e882-fcdd-4fe9-96a0-cd032aaddd53', 'чел.-дн.', 0, null, 310, '74d34ea0-f9aa-4eee-a988-8a9f8408e7db'), --  'Количество человеко-дней временной нетрудоспособности, вызванной несчастными случаями на производстве', '2021-03-30'),
       ('7caec6dd-83a2-4a99-abc1-f7d202786e45', '2ed02119-9142-4b68-b1d7-a3ce5b37ea52', 'чел.-дн.', 0, null, 320, '74d34ea0-f9aa-4eee-a988-8a9f8408e7db'), --  'Количество человеко-дней временной нетрудоспособности, вызванной профессиональным заболеванием', '2021-03-30'),
       ('41f0901f-48eb-4c66-8c50-3195c0ce9171', '9365dd31-f49a-4c32-8d02-834b115d4e07', 'тыс.руб.', 0, null, 400, '74d34ea0-f9aa-4eee-a988-8a9f8408e7db'), --  'Сумма выплат, вызванных несчастным случаем на производстве', '2021-03-30'),
       ('f74b40f0-52d1-4b83-9dba-968e48f6b50a', '2e9695c5-a3de-4103-83b9-c6c6536f22a7', 'тыс.руб.', 0, null, 410, '74d34ea0-f9aa-4eee-a988-8a9f8408e7db'), --  'Сумма выплат по временной нетрудоспособности, вызванной профессиональным заболеванием', '2021-03-30'),
       ('14675f92-3f5c-4bcc-85dd-d1ae66c042ac', '3b06fd94-8209-4599-a3e2-010164ed67f5', 'случ.', 0, null, 500, '74d34ea0-f9aa-4eee-a988-8a9f8408e7db'), --  'Количество случаев общим заболеванием, всего', '2021-03-30'),
       ('67de9b99-f986-4420-bc7b-acca4d3c783c', 'd1d9680a-cce0-41a2-8641-e06d15874ad3', 'чел.-дн.', 0, null, 600, '74d34ea0-f9aa-4eee-a988-8a9f8408e7db'), --  'Количество человеко-дней временной нетрудоспособности, вызванной общим заболеванием', '2021-03-30'),
       ('954d3314-8609-4bec-a2be-e5c2b4a74f66', '25b43b7d-c800-49b9-9b85-112b11699b87', 'тыс.руб.', 0, null, 700, '74d34ea0-f9aa-4eee-a988-8a9f8408e7db'); --  'Сумма выплат по временной нетрудоспособности, вызванной общим заболеванием', '2021-03-30'),






